address,lat,lon
가양로52번길,35.2056125,128.7014528
가음로92번길,35.204905,128.7017551
가음정로23번길,35.210463918,128.688074461
가음정로11번길,35.2119622,128.6857482
가양로34번길,35.2044162,128.7003505
가음로64번길,35.2070173,128.7016897
가양로,36.3433983,127.4421008
삼귀로,35.168799,128.6000469
삼귀로466번길,35.157424277,128.609615034
귀산로60번길,35.166640992,128.61591916
가음로57번길,35.2078507,128.7046239
가음로101번길,35.2045519,128.7043567
대암로101번길,35.2162011,128.7064466
대암로115번길,35.2152075,128.7096398
대암로105번길,35.2163573,128.7082919
대암로145번길,35.2130721,128.7105653
대암로171번길,35.2128322,128.7112918
반송로81번길,35.2411657,128.6656168
창원천로214번길,35.2435973,128.6621791
창원천로206번길,35.2434633,128.6612577
창원천로148번길,35.2422951,128.6557572
창원천로196번길,35.2414841,128.6605884
창원천로188번길,35.2421862,128.6596062
반송로,35.2533436,129.2028648
반송로82번길,35.2380222,128.6647305
반송로42번길,35.2388477,128.660823
창원천로162번길,35.2418646,128.6567657
반지로,35.2429076,128.6633681
충혼로201번길,35.2410549,128.6651536
반송로29번길,35.2432861,128.6630008
충혼로175번길,35.2406991,128.6638902
원이대로393번길,35.2391315,128.6626754
창원천로138번길,35.2414777,128.6556118
반지로4번길,35.2385343,128.6605335
창원천로238번길,35.2445549,128.664493
창원천로174번길,35.2422081,128.658092
반지로32번길,35.2400237,128.6631669
창원천로242번길,35.2442276,128.6650394
비음로91번길,35.22616,128.7031835
동산로176번길,35.2233709,128.6942128
동산로178번길,35.2225307,128.6956941
비음로27번길,35.2301288,128.7020993
비음로14번길,35.2287971,128.6988219
창이대로684번길,35.222789,128.6982371
창이대로695번길,35.2234945,128.7022302
비음로45번길,35.2293751,128.7021001
동산로192번길,35.2233858,128.69693
창이대로689번길,35.2247012,128.7018552
창이대로707번길,35.2225756,128.7021294
비음로55번길,35.227851,128.7026044
창이대로639번길,35.2278093,128.6988743
비음로,35.2293946,128.6966152
비음로67번길,35.2262522,128.7026368
비음로4번길,35.2271823,128.6980302
창이대로648번길,35.2250219,128.6976126
창이대로706번길,35.2217352,128.7002196
동산로200번길,35.2240768,128.6974625
창이대로729번길,35.220413,128.7047144
신사로,37.4898177,126.9219578
비음로24번길,35.2272188,128.7006085
창이대로690번길,35.2224033,128.6986038
동산로73번길,35.2179773,128.6844595
동산로55번길,35.2160444,128.6843891
동산로61번길,35.2162626,128.6848194
단정로58번길,35.2175165,128.6866556
동산로65번길,35.2175224,128.6843838
동산로54번길,35.2148682,128.687811
동산로,37.4726607,127.0471292
동산로48번길,35.2134094,128.6908549
토월로,35.2215194,128.688151
삼정자로33번길,35.20005,128.7097694
창원대로1137번길,35.1962391,128.7104749
삼정자로52번길,35.1959471,128.7119365
삼정자로63번길,35.2014649,128.7129155
삼정자로51번길,35.2003548,128.7119138
안민안길27번길,35.187598,128.6914646
안민로117번길,35.1877742,128.6902773
외동반림로46번길,35.2230861,128.6739189
외동반림로40번길,35.2227295,128.6737709
외동반림로134번길,35.2291443,128.6749203
외동반림로20번길,35.2241406,128.6747361
외동반림로130번길,35.2287334,128.6748967
외동반림로38번길,35.222418,128.6735292
외동반림로138번길,35.2296372,128.6748511
외동반림로80번길,35.2256804,128.676648
원이대로538번길,35.2293255,128.673574
용지로113번길,35.227035,128.6776956
외동반림로54번길,35.2237284,128.6743788
용지로111번길,35.2261336,128.6778193
외동반림로6번길,35.2233509,128.6759263
용지로21번길,35.219834,128.6719826
외동반림로74번길,35.2252043,128.6752562
가주로,35.1131422,128.8357812
중초로,35.1552953,128.6812482
충장로363번길,35.1559918,128.6916402
조천북로146번길,35.1608747,128.6879063
경화로26번길,35.1558642,128.6883349
진해대로650번길,35.1581089,128.6873962
경화시장로,35.1556347,128.6907285
경화로37번길,35.1566152,128.6827993
충장로329번길,35.1555204,128.6879435
충장로273번길,35.1562682,128.68243
조천북로,35.1609914,128.6820289
충장로235번길,35.1547204,128.6782866
진해대로,35.1019154,128.8197634
태백로,35.1540806,128.6768719
경화로18번길,35.15516,128.6884951
중초로15번길,35.1544438,128.6792706
경화로,35.1560951,128.6861649
충장로337번길,35.1555547,128.6887849
충장로289번길,35.1553318,128.6835982
진해대로636번길,35.1576475,128.6852302
경화로29번길,35.156006,128.6839731
충장로,35.1486464,126.9160594
진해대로597번길,35.158493401,128.681922556
경화로21번길,35.1552858,128.6837343
경화로15번길,35.1546676,128.6840618
조천로,35.1595697,128.6845795
병암로29번길,35.1563208,128.6922002
충장로285번길,35.1556278,128.6826545
진해대로614번길,35.1573527,128.6830369
조천로17번길,35.160236011,128.684409375
진해대로694번길,35.158292,128.6914404
조천북로85번길,35.1615273,128.6802698
중원로44번길,35.1479732,128.6602155
웅천동로49번길,35.100290284,128.753127387
웅천중로45번길,35.1098913,128.7484743
웅천중로50번길,35.110086415,128.750594038
웅천서로,35.1115048,128.7470512
남영로491번길,35.114906469,128.780736018
대장로163번길,35.138817807,128.778240667
마천로,37.5073421,127.1289918
태평로48번길,37.4479621,127.1323788
태평로92번안길,35.143613705,128.668621656
속천로52번안길,35.14155653,128.668933014
중원동로,35.1492846,128.6614749
충장로505번길,35.1444808,128.7024666
충장로481번길,35.146856,128.7023474
웅동로,35.1240861,128.7854646
마천로103번길,35.133918892,128.783965213
우도로5번길,35.088397952,128.722139154
명동로5번길,35.097602596,128.718203044
명제로370번길,35.094834296,128.73127247
태평로66번길,35.1449014,128.6664064
웅천북로,34.7523889,127.6751072
웅천북로39번길,35.117356614,128.74753537
웅천북로191번길,35.122305582,128.735063937
웅천로166번길,35.1125593,128.7481901
진해대로802번길,35.1563575,128.7008403
돌리로6번길,35.1580502,128.7015551
동진로76번길,35.1501437,128.702059
석동로73번길,35.1572967,128.7049186
돌리로16번길,35.1588345,128.7022237
돌리로9번길,35.1594992,128.6992551
냉천로,35.9455423,129.4006516
냉천로36번길,35.15009481,128.70225568
석동로39번길,35.1566397,128.7017059
석동로30번길,35.1531382,128.7030208
동진로35번길,35.1533124,128.7020504
동진로49번길,35.1811601,128.09615
석동로75번길,35.1580017,128.7050175
진해대로874번길,35.1512041,128.7053861
진해대로823번길,35.157328,128.7055925
돌리로22번길,35.159635,128.7018913
웅천중로66번길,35.111874,128.750474
소사천로,35.126372507,128.7781398
태평로,35.8727571,128.6079221
중원로79번길,35.1514407,128.6587144
속천로,35.1397782,128.6718388
안청남로6번길,35.1004018,128.8041626
안골로220번나길,35.092109677,128.796358115
안청로42번길,35.1007564,128.8051649
안골로220번가길,35.09195144,128.798227714
안골로277번길,35.0989039,128.8037995
안청로,37.0283086,126.9117694
안청남로22번길,35.10033,128.8057921
안청남로,35.1011823,128.805786
안골로298번길,35.0970778,128.8047511
안골로220번길,35.092502,128.7979882
여좌남로,35.1550318,128.6604765
여좌로56번길,35.1573221,128.6639422
여좌로,35.161222,128.6628826
여좌로70번길,35.157406585,128.663339564
대야로24번길,35.1546703,128.6699787
여좌로99번가길,35.1613742,128.6623401
여좌로11번길,35.15334321,128.664615213
여좌로118번다길,35.162786991,128.66393976
여명로,35.1570768,128.6595598
여좌로118번가길,35.1620664,128.6645802
충장로,35.1481253,126.9164832
여좌남로41번길,35.1569129,128.6607369
여좌남로55번안길,35.1568474,128.6614603
여좌로58번길,35.157007,128.6630174
여좌로83번길,35.1588569,128.6610156
여좌남로10번길,35.1549031,128.6568554
여좌로123번길,35.1618422,128.6619697
대야로,37.4447607,126.7892332
여좌로114번길,35.1613999,128.6643796
여좌로47번길,35.1559418,128.6613493
여명로25번나길,35.1575429,128.657313
여좌천로,35.1530168,128.6591961
여좌로118번길,35.1628244,128.6642553
여좌남로42번길,35.1545882,128.6604083
여좌남로16번길,35.154824,128.6575935
여좌로15번길,35.1543796,128.6625539
여좌로99번길,35.1603465,128.6617733
여좌남로55번길,35.1558715,128.6621206
대야남로,35.1542778,128.6711589
여좌로99번나길,35.1617058,128.6619477
여좌로89번길,35.1594462,128.6618404
충장로63번길,35.1533783,128.6590645
용원중로5번길,35.0989509,128.8156113
용원남로56번길,35.0981396,128.8145429
용재로3번길,35.1032312,128.8106091
용재로29번길,35.1026892,128.8133016
용원남로27번길,35.096835475,128.817380153
용원북로11번길,35.1044072,128.8125972
용원북로12번길,35.1032317,128.8186346
용원남로17번안길,35.094547305,128.817872235
용원남로17번길,35.0942198,128.8181261
용원동로221번길,35.0915499,128.8150369
용원동로,35.0946938,128.8035272
용원남로7번길,35.0950368,128.8189033
용원로89번길,35.0993201,128.819123
용원중로37번길,35.1008414,128.8157508
용원북로11번가길,35.1039608,128.8114392
용원중로26번길,35.0991666,128.8180569
용원로78번안길,35.0979463,128.8187045
용원로101번길,35.0992933,128.8206409
용재로,35.1011361,128.8163885
용원북로12번안길,35.1028794,128.8175948
용재로59번길,35.101611,128.8165099
용원로102번길,35.0974659,128.8198853
충장로442번길,35.1492971,128.6948196
해원로14번길,35.1536929,128.6971443
충장로405번길,35.1529604,128.6960879
이동로58번길,35.1505316,128.698787
충장로415번길,35.152147,128.6976008
병암로29번길,35.156311,128.6917077
충장로407번길,35.1519167,128.6963938
이동로,36.0317031,129.3360108
충장로419번길,35.1518524,128.6980101
충장로364번나길,35.1522472,128.6908694
충장로468번길,35.1478633,128.6948525
충장로446번길,35.1489066,128.6948278
충장로426번길,35.1500073,128.6923302
이동로38번길,35.1492971,128.6959286
충장로465번길,35.1477217,128.7003473
이동로40번길,35.1489273,128.6978432
충장로412번길,35.1513698,128.6933966
이동로69번길,35.1523626,128.6990075
충장로130번길,35.1501125,128.6657199
인사로6번길,35.1498183,128.6682074
벚꽃로60번길,35.1507377,128.6659954
제황로,35.1489458,128.6684171
덕산로51번길,35.1472656,128.7052741
동진로,35.4862,129.42896
자은로6번길,35.1485253,128.7046974
냉천로129번길,35.1563531,128.7093314
자은로28번길,35.1494468,128.7053759
진해대로902번길,35.1491429,128.7062065
진해대로901번길,35.1492412,128.7088826
진해대로914번길,35.1479409,128.704737
자은로,35.1508829,128.7083853
제덕로,35.1048628,128.7408578
제덕로179번길,35.0996708,128.7452781
속천로,35.1444556,128.6727212
벚꽃로50번안길,35.150522273,128.662856886
충장로168번길,35.1513532,128.6705891
인사로22번길,35.149567565,128.668664539
인사로17번길,35.1504726,128.6685536
백구로6번길,35.147062309,128.662968336
벚꽃로50번길,35.1495451,128.6653224
중원로38번길,35.1473925,128.6602434
편백로20번길,35.1484278,128.6579729
청안로150번길,35.103336501,128.792249696
태평로34번길,37.735577,127.0509183
중원동로10번길,35.1450623,128.664379
태백서로,35.1571948,128.674527
여좌천로166번길,35.1671107,128.6584377
대야남로67번길,35.155951,128.6715344
태백서로47번길,35.156802747,128.674163229
백구로,35.147749,128.661203
중원로,35.9755856,129.4008707
덕산로36번길,35.1431273,128.7038932
천자로373번길,35.136742,128.7062898
진해대로1041번길,35.1366673,128.7099351
행암로217번길,35.115791566,128.702423011
여명로25번라길,35.157905,128.6568172
중원로85번길,35.1520118,128.6589548
충장로82번길,35.151242,128.6607869
가포해안길,35.1691514,128.5713217
교방서6길,35.212092312,128.564269106
교방서5길,35.2123577,128.5635038
교방동1길,35.2128988,128.5652773
교방동2길,35.2125326,128.5655682
교방북2길,35.215702,128.563953
교방동18길,35.2115055,128.567647
교방동15길,35.2102809,128.566307838
교방천남길,35.2103932,128.5735772
노산서23길,35.212957188,128.572810384
천하장사로,35.2107887,128.5649643
교방동10길,35.210016163,128.564022076
교방동16길,35.210089981,128.564560411
교방동14길,35.210050864,128.564454472
성호북4길,0.0,0.0
교방동17길,35.210496431,128.566410322
교방동19길,35.209900148,128.566612473
노산서9길,35.2133715,128.5688728
교방동11길,35.210229849,128.564331784
노산서18길,35.2150095,128.565874
교방동9길,35.2141581,128.5676679
교방서3길,35.2136977,128.5641378
교방동5길,35.214151,128.5661981
교방남1길,35.210288,128.5651991
교방서7길,35.2111184,128.5648704
교방동20길,35.210135407,128.564866444
교방동4길,35.2129401,128.5667288
교방시장3길,35.2177437,128.5629591
교방서2길,35.2140212,128.5647217
노산서19길,35.215708655,128.569477178
교방천북길,35.2116539,128.5647377
회원천남길,35.2120255,128.5783851
노산남8길,35.213943913,128.570664851
노산서25길,35.212261928,128.57124356
노산남11길,35.211227242,128.57173481
노산서20길,35.215524125,128.568136107
장구길,35.080573369,128.565828103
해양관광로,35.0696386,128.562542
난포해안길,35.0814998,128.6108206
난포2길,35.081189972,128.604619171
난포1길,35.081612105,128.603036203
욱곡2길,35.096763102,128.55772996
욱곡1길,35.095984124,128.556995352
마전길,34.8347903,127.609366
마전1길,35.8218186,127.103826
양평길,35.0845769,128.5851155
수정1길,34.7451734,127.7470507
구산로,37.4827543,126.7512879
안녕로,35.1126118,128.600014
이순신로,35.0882483,128.6016469
심리3길,35.068983423,128.607242981
합포로,35.2220491,128.5872147
월영북로,35.1832534,128.5561421
월영북13길,35.182535566,128.556695649
중앙남9길,35.1936124,128.5636584
중앙서1길,35.1942395,128.5631749
문화남6길,35.1851595,128.5583319
문화남2길,35.1847431,128.5596802
문화서1길,35.1861418,128.5523358
현동로,35.1517915,128.5535727
동서북17길,35.2060046,128.5775405
문화북1길,35.1872646,128.5609218
문화북2길,35.1870793,128.5591322
문화서12길,35.187902845,128.555928048
문화북4길,35.1877633,128.5594695
고운로,35.1830468,126.902958
반월북3길,35.190056,128.5600392
반월북7길,35.190755091,128.559415064
반월남7길,35.190243731,128.559197129
허당로,35.2111825,128.5771733
산호남11길,35.214805968,128.586069931
산호동6길,35.2151248,128.5875564
산호남6길,35.2165522,128.5796418
산호남2길,35.2171044,128.5803393
산호북4길,35.2185203,128.5855915
산호서4길,35.2180698,128.5781329
합포북21길,35.214679278,128.577075584
해안대로,35.2050619,128.5822367
회원천북길,35.2161093,128.5694364
산호남3길,35.2156994,128.5815321
합포북9길,35.211824996,128.579127072
합포남5길,35.2099884,128.5810354
합포북18길,35.213643,128.5779275
산호서6길,35.2181649,128.5769307
합포북3길,35.211478215,128.580437212
산호남9길,35.21559696,128.584052221
산호남4길,35.2156408,128.5806068
합포남10길,35.209811261,128.580897253
산호서7길,35.2196458,128.5810652
산호북1길,35.2182157,128.584672
산호서2길,35.2173595,128.5784637
산호북3길,35.2172723,128.5846491
산호북8길,35.2185027,128.5841629
산호서3길,35.217683,128.577743
산호남로,35.2161868,128.5834373
산호북17길,35.2202787,128.5849862
산호남1길,35.2157996,128.5818219
산호북10길,35.218852,128.5836934
용마로,33.5140632,126.5058784
산호북5길,35.2194105,128.5852987
합포남1길,35.21036347,128.583075957
합포북10길,35.212101849,128.579892249
산호시장길,35.2194442,128.5826199
산호서5길,35.2185252,128.5784577
산호남10길,35.215868283,128.585294262
산호남8길,35.2151163,128.5807696
산호북15길,35.2190572,128.5830415
합포동7길,35.2125758,128.5863651
산호북16길,35.2194002,128.5824714
산호북13길,35.2179096,128.5829187
합포북13길,35.2127018,128.5822426
합포남8길,35.210343143,128.581665651
산호북2길,35.2168287,128.5859809
합포북5길,35.2116808,128.579778
상남시장로,35.2154779,128.5733267
합포서2길,35.210268516,128.5784287
노산북8길,35.2132391,128.5729452
합포서7길,35.210040606,128.576624503
합포서5길,35.210217,128.5773026
노산동8길,35.214319229,128.575798961
노산남1길,35.2128718,128.5742651
합포서11길,35.211125168,128.578398297
노산북9길,35.213626058,128.573189843
노산동5길,35.2124792,128.574428
노산남4길,35.21158,128.5734996
합포서10길,35.2121931,128.577805
노산남2길,35.212889679,128.571749736
3·15대로,35.2452653,128.5884152
북성로,35.8738074,128.593883
노산북1길,35.2145059,128.5708411
합포서1길,35.209962977,128.579040128
합포서12길,35.211908072,128.578254247
노산북3길,35.2148744,128.5721122
노산동3길,35.2127534,128.5753499
합포서4길,35.210534649,128.577671594
노산남6길,35.2122445,128.5739239
합포서13길,35.2131288,128.5763687
동서북5길,35.204056447,128.573481109
동서남5길,35.201793513,128.567882595
동서북1길,35.203524521,128.572677775
성호동3길,35.210313455,128.570697191
성호서6길,35.2089568,128.5706985
성호서7길,35.208152059,128.569602791
성호북3길,35.211287603,128.57074201
성호서5길,35.208532065,128.57022077
성호서9길,35.208963051,128.569890459
성호서10길,35.2101437,128.569255
성호북1길,35.21118,128.5705016
성호서11길,35.2098424,128.5687277
성호서13길,35.209717524,128.567929131
성호동1길,35.2105293,128.5714466
성호북5길,0.0,0.0
동서북7길,35.2036916,128.5744781
동서북6길,35.204154017,128.574292969
반월북9길,35.191050257,128.559658688
반월서4길,35.1929854,128.5599566
완월남14길,35.1943538,128.55971
문화북3길,35.187627,128.5598626
동서남1길,35.202432,128.5706557
중앙남4길,35.1932778,128.5645985
예곡길,35.1679195,128.5539635
두릉길,35.1768035,128.5347698
오동동1길,35.2056652,128.5798366
오동동2길,35.2050594,128.5806168
오동북6길,35.207367154,128.579076133
오동동4길,35.2047407,128.5800241
오동북17길,35.207666414,128.578044998
오동북10길,35.208525297,128.57896419
오동북5길,35.2079894,128.5799198
오동북15길,35.2086406,128.5779825
완월남6길,35.19628289,128.558168728
완월북7길,35.199681945,128.559754525
완월북14길,35.199941336,128.558745514
완월북13길,35.199241848,128.557609805
완월동19길,35.200613292,128.564243868
완월남로,35.1976667,128.5590985
완월서2길,35.200023575,128.54921008
완월북4길,35.198966782,128.562433125
완월동8길,35.1982109,128.5639854
자산솔밭로,35.1999344,128.5601714
완월남1길,35.196598596,128.561337851
완월북10길,35.1962541,128.5590512
중앙서2길,35.1945785,128.5625251
완월동1길,35.1958924,128.5628283
완월남2길,35.197124937,128.559113804
완월동4길,35.19752787,128.563826634
완월동18길,35.200371637,128.564345823
중앙남8길,35.1950123,128.5636969
장장군로,35.1970834,128.5633444
완월북6길,35.198989167,128.560407707
완월동3길,35.197213058,128.563102197
완월동1길,35.1958563,128.562941
우산길,34.8792609,127.4806523
3·15대로,35.2451946,128.5884747
문화동2길,35.187599099,128.56284886
문화동5길,35.1854663,128.56226
문화동14길,35.1817877,128.5598847
문화동11길,35.1828463,128.5603406
월영북4길,35.181528941,128.556413401
월영북3길,35.181250548,128.557070993
월영북2길,35.181078368,128.556771856
월영남13길,35.177730289,128.56056835
월영남1길,35.179279534,128.557754814
문화서17길,35.187533917,128.552357011
월영남4길,35.177642781,128.557663453
월영서1길,35.17898886,128.55579488
월영서10길,35.173801981,128.555915241
가포로,35.1530455,128.5852369
월영남15길,35.177443738,128.561093196
월영북1길,35.180309544,128.556368413
월영남19길,35.176239296,128.562764971
문화서13길,35.18832159,128.554854728
월영남18길,35.1767869,128.5617804
밤밭고개로,35.1515554,128.5477758
월영남3길,35.179290977,128.556590925
월영북6길,35.181885166,128.555547643
월영남5길,35.1773951,128.5578162
월영서3길,35.1778524,128.5556581
월영서5길,35.177617268,128.555500133
문화남4길,35.1851666,128.5583606
자산남4길,35.202181,128.5654465
자산남10길,35.2015201,128.5645982
자산삼거리로,35.2037952,128.5644003
자산동9길,35.2039346,128.5679589
자산동2길,35.204364732,128.564525239
자산서14길,35.200596094,128.558338359
완월동17길,35.2014999,128.5662454
자산남14길,35.2009227,128.5636695
자산동13길,35.204983034,128.566577133
자산서6길,35.2025734,128.5628392
심온길,35.2016114,128.5627998
자산남11길,35.201984546,128.563296215
자산동3길,35.204624846,128.564861934
자산북4길,35.2066881,128.5646145
자산서5길,35.2039652,128.562054
자산남로,35.201724,128.5649229
자산남13길,35.201311623,128.564243286
자산동15길,35.205878883,128.567044564
자산남2길,35.202295019,128.564343269
자산서11길,35.202852,128.5597639
자산동7길,35.203950327,128.566715653
자산동16길,35.204423738,128.568068429
자산서12길,35.2026944,128.5601393
자산동14길,35.205453281,128.565856205
자산동1길,35.2041166,128.5653823
자산동8길,35.2032046,128.5664958
자산남5길,35.201848,128.5659933
자산남6길,35.202428222,128.566009949
반월북4길,35.191849442,128.561402885
반월북2길,35.1909126,128.561542
중앙남6길,35.1944679,128.5639846
중앙서1길,35.1941334,128.5630626
장군천로,35.1965707,128.5662157
완월동5길,35.1976137,128.5646766
장장군로,35.1970408,128.5637355
완월동16길,35.2011248,128.5666606
완월동15길,35.199716106,128.566439602
북성로,35.8740599,128.5901731
오동서9길,35.208242,128.5749088
오동서18길,35.209842125,128.573424601
오동서17길,35.209900544,128.574193651
오동서10길,35.208266222,128.576028771
오동서12길,35.209113397,128.575586302
오동서11길,35.2087278,128.5753403
오동서1길,35.20689095,128.57631734
오동서19길,35.210326231,128.573088012
반월동6길,35.1891126,128.5627646
반월북1길,35.190752,128.5626067
중앙북4길,35.1997591,128.5677689
미더덕로,35.1055433,128.4553189
고현장터길,35.101302021,128.478596682
신성산로,35.1173393,128.491504
교동1길,36.9740811,127.9358383
교동2길,35.8726583,128.5977076
삼진의거대로,35.1104978,128.4584116
교동3길,35.8725306,128.5986143
다구1길,35.10569083,128.52002381
사동길,35.251377,129.163915
신기남산길,35.1123267,128.4750843
죽전안담길,35.106084861,128.477621395
진동신기길,35.11198563,128.48180714
광암3길,35.105255757,128.498375317
광암2길,36.9393446,126.3918063
요장1길,35.111110368,128.489579644
주도해안길,35.098994275,128.507313412
광암1길,35.107280349,128.496369504
요장해안길,35.107689426,128.492809396
입곡길,35.137677314,128.511042521
신서촌4길,35.1169212,128.4867907
신서촌3길,35.1162214,128.4853665
신서촌1길,35.1166262,128.4858333
신서촌2길,35.1183469,128.4872719
진동사동로,35.1178567,128.4870906
성산길,35.08019,129.0172169
성산안길,35.114921602,128.489262045
진동시장길,35.1142307,128.48794
서촌길,37.3521361,127.6019557
오산2길,37.2354474,127.5638467
대평안길,37.131371456,126.843161836
덕곡안길,35.439241751,128.549161633
진북산업로,35.1201438,128.4894152
덕곡천길,36.4113887,129.3715575
부산1길,35.1387519,128.4640579
부평2길,35.1012798,129.0264866
신촌마을길,35.201539,126.8704407
학동로,37.517943,127.0457789
진북예곡3길,35.116534997,128.454438678
의림로,35.1192023,128.4515692
진북예곡1길,35.111207481,128.4580098
대현길,37.0605578,129.0048906
지산3길,35.115665183,128.467157359
지산1길,37.207227138,127.112463295
지산2길,37.205643749,127.113050583
지산5길,35.115502883,128.467432811
외추길,35.157394647,128.479757335
거락1길,35.141960299,128.37282611
곡안1길,35.109984243,128.414155237
금암중촌길,35.139285044,128.383690718
금암길,35.3960122,127.3726638
봉곡길,36.0455325,126.9210394
도산길,35.699440513,128.020531515
진전봉암길,35.132678099,128.368085871
회진로,35.0881158,128.462295
시락본동길,35.076485528,128.435237858
의산삼일로,35.1665858,128.3712351
적석산길,35.1202658,128.372369
대정5길,35.131895527,128.374655457
대실로,35.1020365,128.4173384
오서4길,35.1003886,128.4178668
탑동길,34.6407338,126.7674645
오서1길,35.1010458,128.4165629
오서5길,35.102544497,128.413814229
이명2길,35.0912329,128.4492556
대산길,37.7678947,126.4922932
미천3길,36.5212245,127.4987232
미천2길,35.152116721,128.404661242
문화동8길,35.184130552,128.561582941
문화동13길,35.1808176,128.5595029
문화남11길,35.1845176,128.5559853
성호남6길,35.205101284,128.570749516
성호남4길,35.205386935,128.570749243
성호남2길,35.2061718,128.5704087
성호동5길,35.2076833,128.57222
성호동4길,35.207773698,128.571609403
문화북6길,35.188805253,128.559026616
문화북5길,35.1874452,128.5590207
월영남로,35.1760418,128.5584585
묘촌1길,35.1367157,128.5550418
문화남2길,35.1848696,128.5597319
문화남3길,35.1851048,128.559152
월영북9길,35.183561976,128.55533284
경화시장로,35.1566168,128.691243
경화로45번길,35.1574063,128.6834493
충장로235번길,35.1546184,128.6777905
충장로249번길,35.1550996,128.6797562
경화로7번길,35.1540275,128.6838169
중초로29번길,35.1557505,128.6791892
경화로12번길,35.1545306,128.6885372
조천북로,35.1609562,128.6875901
경화로34번길,35.1564642,128.6870143
진해대로660번길,35.1579037,128.6877949
충장로,35.1506988,126.9136556
충장로305번길,35.1554082,128.6853694
경화로11번길,35.1543973,128.6854283
중초로37번길,35.1565333,128.6806029
진해대로563번길,35.157160954,128.678532592
충장로263번길,35.1554753,128.6818103
중초로23번길,35.1550974,128.679135
태백로13번길,35.1547636,128.6762446
조천로31번길,35.1602539,128.6831483
충장로249번길,35.1566426,128.6798156
병암북로8번길,35.1605859,128.6913217
충장로345번길,35.1558782,128.6896181
조천북로125번길,35.1621876,128.6857086
조천북로97번길,35.16258,128.6822158
중원로32번길,35.146692,128.661641
웅천중로,35.10627,128.7501801
웅천동로1번길,35.1054998,128.7596464
월남로104번길,35.118760263,128.775479485
월남로30번길,35.112109668,128.76944375
월남로138번길,35.1191886,128.7774086
태평로8번길,37.4475301,127.1278799
대장로,37.5416443,126.7909484
속천로52번길,35.1417393,128.6695605
속천로88번길,35.139303941,128.67190857
중원동로10번길,35.145333,128.6614128
덕산로14번길,35.1440632,128.701731
덕산로46번길,35.1444509,128.7049661
남의로116번길,35.1142566,128.7954321
두동로,35.5927902,129.2313308
웅동로121번길,35.1229989,128.7893335
웅동로121번안길,35.127533599,128.790853883
마천로18번안길,35.125718938,128.785589832
웅동로107번길,35.123506268,128.788133755
명동로83번길,35.096467142,128.72055471
명제로324번길,35.095076442,128.728533944
웅천로159번길,35.1148033,128.7485546
웅천로,34.7406176,127.6784939
웅천중로65번길,35.1121312,128.7477376
석동로34번길,37.3217257,127.4249997
석동로39번안길,35.1568581,128.7019324
동진로,35.4860149,129.4295871
돌리로15번길,35.15998,128.699675
진해대로763번길,35.1597008,128.6994417
동진로61번길,35.1523685,128.7037996
석동로,37.3243512,127.4249655
석동로67번길,37.32236,127.4224552
석동로83번길,35.1582766,128.7053216
진해대로864번길,35.1518584,128.7047976
돌리로,35.1591125,128.7006572
웅천중로56번길,35.111155898,128.75065585
소사천로40번길,35.127621081,128.77531678
소사로43번나길,35.128071505,128.776390334
수도로40번길,35.08479632,128.74708816
충무로,37.5612019,126.9941091
편백로8번길,35.149139,128.6567414
안골로285번길,35.0990199,128.8048041
안골로289번길,35.0990939,128.8052815
안청로34번길,35.1000316,128.8041068
안골로293번길,35.09931,128.8056276
안골로297번길,35.0995256,128.8059947
안골로318번길,35.0968948,128.8051852
안골로,36.2684916,127.4732593
안청로18번길,35.0992139,128.8042951
여명로25번나길,35.1575111,128.6572754
여명로25번가길,35.1570147,128.657185
충장로43번길,35.153684738,128.657236803
여좌로58번길,35.1580958,128.663063
여명로,35.157153,128.6587642
여좌로56번길,35.1569742,128.6639025
여좌로96번안길,35.1606473,128.6657072
대야로24번길,35.1547353,128.6700247
여좌남로41번길,35.1567021,128.6607071
여좌로15번길,35.15417,128.6625196
여좌로118번나길,35.162350227,128.664819924
여좌로40번길,35.1568996,128.6643845
여좌로99번길,35.1603706,128.6615116
여좌남로10번길,35.1549459,128.6568612
여좌로47번길,35.1564261,128.6610584
여명로16번길,35.154474,128.6575746
여좌로99번가길,35.1611203,128.6623116
여좌남로16번길,35.1548759,128.6576022
충장로207번길,35.1531459,128.6747211
여좌로83번길,35.1588342,128.6612864
여좌남로49번길,35.1559048,128.6613448
태백서로14번길,35.1536267,128.6735443
여좌남로55번길,35.1560558,128.662148
여좌로21번길,35.1543388,128.6631739
여좌로99번라길,35.1617925,128.6609284
여명로83번길,35.1593835,128.6610943
여좌로123번길,35.1618708,128.6617271
여좌로99번나길,35.1616974,128.6619466
용원남로10번길,35.0972015,128.8193633
용원중로5번길,35.0978541,128.8151008
용원남로73번길,35.0993627,128.813571
용원로89번안길,35.0999692,128.8201113
용원북로11번길,35.1044182,128.8123447
용원북로11번나길,35.1039591,128.8130512
용원남로,35.0968904,128.8179075
용재로59번길,35.1020648,128.8164281
용원로90번길,35.0977205,128.8186357
용원중로37번길,35.1008389,128.8157629
용원중로18번길,35.0984772,128.8180902
용원로78번안길,35.0979505,128.818684
용원중로25번길,35.1001916,128.815974
용원북로6번길,35.1031665,128.8162701
용재로29번길,35.1027328,128.813095
용원중로6번길,35.097599,128.8164453
용재로35번길,35.1025114,128.8142052
용재로67번길,35.102032288,128.817286294
용원로,35.0993869,128.8151313
용재로89번길,35.1012613,128.8205781
용재로3번길,35.1031862,128.8108436
용원동로221번길,35.0915549,128.8152968
용원중로,35.0998131,128.8163323
용원북로12번길,35.1032379,128.8185992
용원동로,35.0936358,128.8041063
충장로412번길,35.1513723,128.693746
충장로468번길,35.1480858,128.6976527
충장로405번길,35.1527942,128.6960777
병암로30번길,35.156717,128.6933561
충장로465번길,35.1477092,128.7002646
충장로429번길,35.1507072,128.6981975
충장로439번길,35.1504282,128.6994553
충장로455번길,35.1490835,128.7000707
충장로364번나길,35.152241,128.6908696
충장로364번길,35.1526489,128.6918217
이동로72번길,35.1510813,128.700133
충장로442번길,35.1499358,128.6962836
충장로446번길,35.1489069,128.6948901
해원로14번길,35.153696,128.6970672
이동로28번길,35.1494202,128.69482
충장로467번길,35.147556539,128.700802941
충장로450번길,35.1485538,128.6950288
해원로2번길,35.1529389,128.6966265
냉천로12번길,37.3832908,126.9299461
충장로407번길,35.1519943,128.6967122
편백로14번길,35.148804,128.6574198
충무로58번길,35.1505391,128.6568714
제황로,35.1488825,128.6685218
자은로24번길,35.1490326,128.7050227
진해대로922번길,35.1472591,128.7050025
진해대로913번길,35.148627,128.7082643
진해대로976번길,35.1426127,128.7058405
진해대로975번길,35.1425501,128.7091045
덕산로55번길,35.1460421,128.7056381
덕산로61번길,35.1463405,128.7067389
덕산로51번길,35.1466918,128.7053054
진해대로988번길,35.140756,128.7059189
덕산로45번길,35.1470915,128.7047949
진해대로979번길,35.1414905,128.7092971
자은로78번길,35.1507664,128.7097985
진해대로914번길,35.147949,128.704966
진해대로989번길,35.1406229,128.7087279
자은로64번나길,35.1506633,128.7121612
자은로,35.1509476,128.7084847
충장로657번길,35.1307933,128.7061692
충장로671번길,35.130105439,128.705335724
진해대로1167번길,35.12602914,128.713448164
제덕로179번길,35.099683,128.7452947
인사로23번길,35.1503946,128.6700251
태평로37번안길,35.146510616,128.663854597
인사로30번길,35.150022464,128.669915466
인사로,35.1504373,128.6687366
백구로,35.1478774,128.661083
인사로32번길,35.1494298,128.6699092
충장로168번길,35.1509561,128.6700007
벚꽃로60번길,35.1508637,128.664699
태평로7번길,35.1479074,128.6603106
편백로20번길,35.1489715,128.6580356
편백로,35.1495616,128.6573468
청안로233번길,35.100711037,128.800640952
청안로170번길,35.101879,128.7917164
청안로,37.5248608,126.6946799
청안로163번길,35.103871357,128.794981549
제황로80번길,35.1511548,128.6687346
태평로58번길,37.448971,127.1337102
대야남로63번길,35.154788551,128.67119481
태백서로34번길,35.1543806,128.6737152
여좌천로166번길,35.1675812,128.6587444
여좌로96번길,35.15958,128.6662154
대야로66번길,35.15748584,128.670242316
태평로91번길,35.145500506,128.669218615
덕산로36번길,35.1438328,128.703845
충장로597번길,35.1363285,128.7053285
풍호안길,35.1367006,128.7028196
진해대로1047번길,35.1359866,128.7098003
진해대로1034번길,35.1371448,128.7074546
여명로25번길,35.1583757,128.6565314
여명로25번라길,35.1579603,128.6568871
중원로85번길,35.1520607,128.6584389
중원로86번길,35.1516642,128.6626265
구암서1길,35.2493829,128.5953429
팔용로,35.2434383,128.5914047
구암북11길,35.2562867,128.5957657
구암동정길,35.2548243,128.6016993
구암남5길,35.2459887,128.59156
구암남15길,35.2502084,128.6015688
금강로,35.2473815,129.0888783
구암북8길,35.2535134,128.5942268
구암동4길,35.2532035,128.6001924
구암남10길,35.2496589,128.5991716
구암남13길,35.2504376,128.5997463
구암동1길,35.2520275,128.5986048
구암북4길,35.2519415,128.5925632
구암북1길,35.2532634,128.5952793
구암북19길,35.2554347,128.5944253
구암서3길,35.2487947,128.5915394
구암북10길,35.2547327,128.5957768
구암서5길,35.2477777,128.5904202
구암북18길,35.257114,128.5951522
3·15성역로,35.2474803,128.5878442
구암남2길,35.2441044,128.5908071
구암서2길,35.2482887,128.5919546
구암남18길,35.249518908,128.602092131
구암북16길,35.2559832,128.5952478
구암서9길,35.2505515,128.5949104
구암북15길,35.2564989,128.5970709
구암동5길,35.253202452,128.600972866
구암남12길,35.2507166,128.6021922
구암북14길,35.2549316,128.5955009
구암북7길,35.2532317,128.5933227
구암남23길,35.251686969,128.602332392
구암북20길,35.258649923,128.595872838
구암남17길,35.2497776,128.6017354
구암서8길,35.2500672,128.5944618
구암서6길,35.2483935,128.5918669
구암북2길,35.2544833,128.5958265
구암북3길,35.2522869,128.5924645
소계천서길,35.2575797,128.5976003
감천2길,35.4863996,128.737365
삼계9길,35.232830984,128.499878943
경남대로,35.1980767,128.5250122
삼계로,35.1396252,128.0289538
삼계본동1길,35.2321541,128.4971286
삼계숲길,35.2289307,128.4953821
상곡로,35.2435584,128.5008747
광려로,35.2090237,128.5094576
안성로,36.0990839,126.9888623
용담로,37.4169625,126.6747055
함마대로,35.2490385,128.5188297
원계증산길,35.231338586,128.510175484
죽암동길,35.257221843,128.509831165
중리1길,35.527562,129.3984094
옥정1길,35.4144376,127.3900079
중리본동길,35.251977721,128.511287487
죽암서길,35.254631477,128.50977662
옥정2길,35.413477,127.3896201
광려천서로,35.2488472,128.5111586
상동길,37.3272575,127.5837493
중리공단로2길,35.2432536,128.5098463
평성1길,35.259620778,128.538187253
호원로,35.2644607,128.524797
구미길,36.432171,129.354028
호계본동4길,35.26658173,128.518470525
호계본동로,35.2617892,128.5216782
두척1길,35.23771705,128.542959595
봉덕2길,35.2223689,128.5957427
봉암북2길,35.221448,128.5966764
봉암북6길,35.2228138,128.59811
봉양로,37.5445592,127.2050094
봉암북10길,35.2211194,128.5979059
봉암북11길,35.2200462,128.5986165
봉암북1길,35.2214423,128.5958261
석전남4길,0.0,0.0
석전남8길,35.2276599,128.572178
석전서6길,35.2272863,128.5689246
석전남15길,35.226076265,128.571125126
석전남14길,35.226199587,128.571070342
석전남12길,35.227876627,128.573449927
석전남7길,35.227641285,128.573515847
석전남2길,35.228275197,128.573144528
석전북19길,35.23037,128.5678071
석전남9길,35.2275112,128.5730377
석전동10길,35.2329104,128.5748481
석전남13길,0.0,0.0
석전서8길,35.2275689,128.5680367
석전북2길,35.2325074,128.5707453
석전동4길,35.2309907,128.5741244
석전북21길,35.231090411,128.568502506
삼호로,35.5480611,129.2774655
석전동6길,35.2304236,128.5753138
석전남10길,35.227823,128.5733042
석전동9길,35.2331987,128.5757703
삼호천길,35.2336399,128.5658867
석전남16길,35.228871608,128.568843422
석전동1길,35.2316666,128.5721324
석전북11길,35.2328359,128.5691415
석전동11길,35.2332826,128.5745246
석전북7길,35.2335544,128.5696446
석전서5길,35.228101951,128.568319431
석전서4길,35.227220195,128.569096659
석전북14길,35.233186251,128.569284065
석전동3길,35.2312823,128.573563
석전동17길,35.2371063,128.5782176
석전동15길,35.2357117,128.5793362
양덕북2길,35.2327937,128.5846956
양덕북21길,35.2337926,128.581832
양덕동15길,35.234129556,128.588644843
양덕천길,35.2298103,128.5861724
양덕북4길,35.235903,128.5849535
양덕동16길,35.235254819,128.589869198
양덕북3길,35.2342711,128.5849442
양덕북9길,35.2343835,128.5862693
양덕동2길,35.2245149,128.5887548
산호천동길,35.2317896,128.5811495
양덕북5길,35.2331386,128.5863205
양덕로,36.0802193,129.4020058
탑골2길,36.8415469,127.9839835
양덕동4길,35.222765,128.5909228
탑골3길,36.9902948,127.5854193
양덕동12길,35.2311448,128.5866111
양덕동8길,35.230221501,128.583162804
양덕남1길,35.2309129,128.5825459
합성옛길,35.2389976,128.5843358
양덕동5길,35.231501814,128.583162066
양덕북12길,35.2342306,128.5852502
양덕남6길,35.2288136,128.5849953
합성남18길,35.235248513,128.590431676
양덕북16길,35.2359053,128.5848916
양덕북17길,35.2357757,128.583933
양덕서5길,35.2277898,128.5786785
합성남11길,35.2382769,128.5876393
합성북18길,35.2443387,128.5838066
합성동11길,35.2427332,128.5884108
합성동5길,35.2440705,128.5878493
합성서7길,35.2398389,128.5822562
합성서1길,35.2400788,128.5827137
합성서13길,35.2407172,128.5823822
합성북14길,35.2445429,128.5826736
합성동13길,35.2411791,128.5893394
합성북16길,35.2433856,128.5844743
합성북15길,35.2443811,128.5835476
합성북6길,35.2420969,128.5806673
합성남19길,35.235544117,128.590685446
합성북3길,35.2409604,128.5805561
합성북9길,35.2445415,128.5796489
합성북1길,35.2445336,128.5817659
합포성지길,35.243400657,128.583269896
합성남9길,35.2385742,128.5869833
합성북13길,35.2448313,128.5823519
합성동8길,35.242499038,128.587411276
합성남로,35.2370299,128.5857978
합성북4길,35.2414746,128.5810958
합성서5길,35.2411384,128.5833808
합성남8길,35.2384363,128.5859907
합성남7길,35.2392661,128.5856681
합성남17길,35.235556224,128.590082606
합성동3길,35.2419435,128.5876177
합성남3길,35.2383658,128.586332
합성동2길,35.241297,128.5872094
합성남2길,35.2395064,128.5867749
합성서12길,35.239553563,128.580501456
회성남1길,35.2345328,128.5613278
회성남18길,35.2319181,128.5638804
회성남12길,35.2323784,128.5590591
회성남20길,35.231262,128.5649652
회성남13길,35.2326519,128.5598642
회성동2길,35.233823379,128.56335044
회성시장2길,35.2330714,128.5600195
회성남17길,35.2312754,128.5634901
회성북6길,35.235493524,128.558694149
회원동24길,35.2198286,128.5766445
회원남15길,35.2182551,128.566723
회원남9길,35.2181939,128.5680102
회원북10길,35.220791673,128.565900966
회원북3길,35.2223434,128.5692082
회원북6길,35.221843973,128.570601552
회원남23길,35.2177668,128.5659485
회원남14길,35.2173931,128.5675134
회원남20길,35.2174276,128.5665242
회원남2길,35.2176973,128.5697466
회원북15길,35.220493092,128.566717944
회원북4길,35.220802819,128.566016612
회원남17길,35.2175794,128.5667141
회원남3길,35.218148044,128.566242332
회원동15길,35.2203426,128.5716592
회원남로,35.2185346,128.5672569
회원북28길,35.2211744,128.5651332
회원동31길,35.2198344,128.5765453
회원동북로,35.2208326,128.5763583
회원동5길,35.2169772,128.5734173
회원동12길,35.2221206,128.5725677
노산서26길,35.212254336,128.571446874
회원북19길,35.219469197,128.565975262
무학로,37.5742994,127.0303212
회원동32길,35.2208816,128.5753343
회원천북길,35.2161255,128.5717882
회원북13길,35.2211728,128.5663938
교방시장1길,35.2170345,128.5626041
회원동4길,35.2180719,128.5734484
회원남11길,35.217003226,128.569936144
회원동로,35.2188023,128.576621
회원동11길,35.2171103,128.574443
회원북2길,35.220146788,128.570175272
회원북16길,35.220485567,128.566981441
회원동10길,35.2162651,128.5740369
회원동13길,35.2194136,128.572925
회원북25길,35.2197021,128.5637171
회원동서로,35.2187451,128.5727351
회원남6길,35.215451779,128.567723253
회원동33길,35.222206015,128.573882142
회원북26길,35.2195941,128.5632066
회원북23길,35.2197934,128.5654561
회원남25길,35.2166411,128.5644181
회원동34길,35.2201216,128.5781618
회원남31길,35.2178048,128.5626304
회원북5길,35.221604863,128.57059251
회원북21길,35.219826,128.5661296
회원동14길,35.2209175,128.5724048
회원동7길,35.2169974,128.5728492
교방시장3길,35.2155204,128.5634344
회원동9길,35.2163802,128.5733962
가음로,35.2085043,128.7011159
가음로60번길,35.2073478,128.7013673
삼귀로486번길,35.155823574,128.610766044
가음로117번길,35.2042004,128.705651
가양로116번길,35.2083214,128.7060031
대암로,37.4181189,126.652083
창원천로210번길,35.243938,128.6615853
창원천로192번길,35.2421279,128.6600983
창원천로144번길,35.241844,128.6557661
반지로16번길,35.2389904,128.6623616
창원천로170번길,35.2420932,128.6576418
창원천로178번길,35.2430961,128.6583071
창원천로134번길,35.241144,128.6553657
창원천로166번길,35.2419793,128.6571879
반지로15번길,35.2407249,128.6588894
반송로50번길,35.2401978,128.6619827
반송로,35.2494964,129.2092267
반송로81번길,35.2407268,128.6656966
동산로192번길,35.2233592,128.6969718
비음로27번길,35.2303426,128.7008315
창이대로648번길,35.225381,128.6970365
동산로196번길,35.223679,128.6972704
창이대로689번길,35.2244598,128.7049691
창이대로695번길,35.2225882,128.7032011
창이대로707번길,35.2222099,128.7023456
비음로24번길,35.2275077,128.7003996
비음로,35.2285185,128.7003073
동산로176번길,35.2217292,128.6986764
창이대로684번길,35.2226897,128.6980216
창이대로706번길,35.2221328,128.6995556
창이대로716번길,35.2206428,128.7005206
동산로200번길,35.2240056,128.6975752
창이대로722번길,35.2198875,128.6998909
창이대로719번길,35.2212556,128.7029602
창이대로663번길,35.2258005,128.6998295
창이대로603번길,35.2299808,128.6971805
동산로,37.46864,127.0398667
원이대로773번길,35.2186536,128.696592
단정로98번길,35.2148842,128.6896403
동산로61번길,35.2165495,128.684384
단정로58번길,35.2179633,128.6859673
단정로,35.2202592,128.6827453
토월로,35.2196796,128.6861458
단정로44번길,35.2180058,128.6836651
동산로65번길,35.2175229,128.6843843
삼정자로63번길,35.2017808,128.7129068
삼정자로52번길,35.1959535,128.7119254
외리로14번길,35.1995534,128.710743
삼정자로41번길,35.1990506,128.7104371
삼정자로59번길,35.1993319,128.7126319
삼정자로64번길,35.1964841,128.7127905
삼정자로43번길,35.1995262,128.7105944
안민안길21번길,35.1872456,128.6909205
안민안길11번길,35.1865957,128.6902684
양곡길106번길,35.200304676,128.62706628
외동반림로130번길,35.2287182,128.6749225
외동반림로80번길,35.2256722,128.6753972
외동반림로54번길,35.2241961,128.6760057
외동반림로6번길,35.2229897,128.6756196
외동반림로74번길,35.22505,128.6755196
외동반림로68번길,35.2249109,128.6747832
외동반림로38번길,35.2225246,128.6733438
외동반림로,35.2313297,128.6726843
외동반림로40번길,35.2228266,128.673604
외동반림로134번길,35.2289997,128.6751622
외동반림로126번길,35.2284229,128.674671
외동반림로142번길,35.2303205,128.6744411
원이대로538번길,35.227835,128.6734759
원이대로566번길,35.2265564,128.6749748
외동반림로20번길,35.2237276,128.6743802
가양로34번길,35.2049314,128.6994114
귀산로,35.1662266,128.6147437
가음로117번길,35.2040363,128.7055222
가음로57번길,35.2087189,128.7054017
대암로77번길,35.2170817,128.7072016
대암로115번길,35.2152118,128.7096353
대암로171번길,35.2127139,128.7112692
대암로145번길,35.2140017,128.7105848
창원천로178번길,35.2436395,128.6581178
충혼로201번길,35.2416532,128.6645711
반지로4번길,35.2368547,128.6638636
창원천로214번길,35.2434997,128.6622119
창원천로134번길,35.2409724,128.6557765
창원천로192번길,35.2417294,128.6602279
창원천로144번길,35.2416631,128.6561968
창원천로238번길,35.2444409,128.6645134
반송로82번길,35.2378601,128.6646173
창원천로148번길,35.2425643,128.6551049
창원천로174번길,35.2424201,128.6580209
원이대로331번길,35.2413274,128.6559807
창원천로170번길,35.2423081,128.6575683
창원천로162번길,35.2420858,128.656695
창원천로196번길,35.2415081,128.6606085
반송로,35.2081402,129.1025188
충혼로175번길,35.2407165,128.6638593
반송로29번길,35.2433035,128.6630469
비음로45번길,35.2293676,128.7020846
비음로67번길,35.2271359,128.7025426
비음로14번길,35.228564,128.698345
동산로220번길,35.2248269,128.6983418
동산로206번길,35.2243283,128.6978765
비음로55번길,35.2269365,128.7021416
동산로48번길,35.2134115,128.6908654
삼정자로,35.195743,128.7175629
삼정자로33번길,35.1982272,128.7097827
안민로159번길,35.1853925,128.6930473
외동반림로46번길,35.2231216,128.6738581
용지로21번길,35.2200635,128.6725103
용지로113번길,35.227321,128.6775109
외동반림로50번길,35.2234129,128.6741092
주남로,35.4262751,129.1523186
가술길34번길,35.337172634,128.707031745
진산대로443번길,35.339644276,128.707829827
주남로503번길,35.329832446,128.704268118
가술산남로,35.3248537,128.6916944
가술길23번길,35.336097155,128.706960576
진산대로469번길,35.3432604,128.7008996
가술산남로130번길,35.327783358,128.687113584
봉강가술로471번길,35.337169749,128.698044931
갈전로80번길,35.3647164,128.6796484
봉강가술로411번길,35.341981494,128.695156412
봉강가술로358번길,35.344819632,128.690616262
모산길30번길,35.353513869,128.712378174
모산길,37.1890026,126.9779609
모산길57번길,35.356401539,128.711982509
진산대로528번길,35.347099678,128.711411895
대산북로893번길,35.34718662,128.723427783
대산북로895번길,35.347002549,128.723568674
우암로99번길,35.329873764,128.732985128
북부로10번길,35.339075229,128.72613883
우암로79번길,35.330993664,128.732044892
유등로,36.3604908,127.3977653
유등로359번길,35.3439128,128.741852
유등로332번길,35.3427503,128.74875
갈전로113번길,35.3683101,128.6826587
대산북로495번길,35.3684626,128.6921952
대산북로524번길,35.3667791,128.695639
대산북로538번길,35.3667129,128.6962004
대산북로,35.3666513,128.7010498
진산대로355번길,35.3318012,128.7083286
제동길43번길,35.333971708,128.713075469
주남로416번길,35.322715972,128.701378924
진산대로287번길,35.326417509,128.713491937
주남로394번길,35.320737505,128.69890122
주남로434번길,35.323422668,128.701508293
대원로52번길,36.642544285,127.478711251
두대로81번길,35.2316934,128.653384
대원로27번길,35.2315481,128.6517906
두대로,35.2346593,128.6453137
대원로60번길,0.0,0.0
대원로53번길,35.2330403,128.6540915
대원로90번길,0.0,0.0
대원로104번길,0.0,0.0
대원로57번길,35.2342306,128.65161
대원로56번길,36.642644505,127.478793449
대원로64번길,0.0,0.0
대원로86번길,0.0,0.0
대원로,36.639995,127.481003
대원로66번길,35.2375778,128.6557526
두대로55번길,35.2325692,128.6509282
도계두리길,35.2601135,128.6322384
하남천동길32번길,35.2611712,128.6402711
도계두리길86번길,35.2624013,128.6385509
원이대로55번길,35.2572963,128.6342681
태복산로11번길,35.2543906,128.6385989
하남천서길9번길,35.2611347,128.6375769
원이대로20번길,35.2597683,128.6308407
도계로8번길,35.2589209,128.6340918
도계두리길6번길,35.260823,128.6344041
하남천서길37번길,35.2625151,128.6394834
하남천서길15번길,35.2611672,128.6382499
도계로31번길,35.2612895,128.6352553
태복산로7번길,35.2541561,128.6381776
원이대로69번길,35.2576631,128.6384136
하남천서길5번길,35.2608954,128.6370989
도계로50번길,35.260035,128.6350275
태복산로13번길,35.2546192,128.6389996
태복산로27번길,35.2551576,128.6399487
원이대로113번길,35.2541395,128.6398626
태복산로15번길,35.2547235,128.6391823
태복산로31번길,35.2553834,128.6403503
태복산로23번길,35.2549359,128.6395546
원이대로93번길,35.2560077,128.6392294
동읍로,35.285589,128.6811652
동읍로670번길,35.323602187,128.665113257
동읍로661번길,35.322642703,128.66220104
용남길10번길,35.2778856,128.6611486
대산북로172번길,35.3689368,128.663937
노연로69번길,35.360507296,128.660588539
주남로64번길,35.300358033,128.674470363
자여로115번길,35.2750699,128.7188038
자여로118번길,35.2735272,128.7022764
자여로,35.276165,128.6957637
덕산길,35.323337,129.2405923
무성길,35.2917398,128.7009315
무성길47번길,35.289348678,128.699385681
무점길88번길,35.292127362,128.694918779
동읍로1187번길,35.355560856,128.653864454
동읍로1057번길,35.344219979,128.659548464
동읍로1079번길,35.345498673,128.657299919
자여로60번길,35.2767022,128.6980145
자여로78번길,35.2753355,128.6996059
봉강가술로,35.3354611,128.7015825
죽동길25번길,35.332132668,128.674139441
석산길51번길,35.31740263,128.659426558
석산길61번길,35.318258876,128.66035451
자여로93번길,35.2769596,128.7013396
동읍로213번길,35.293553702,128.675213193
신방로,36.9206444,127.1305848
동읍로224번길,35.29544437,128.675846828
의창대로421번길,35.2686687,128.6393541
동읍로19번길,35.2793652,128.6839892
용잠로,35.47122,129.37595
의창대로,35.3042557,128.7128149
의창대로900번길,35.277921,128.6896456
의창대로894번길,35.27867781,128.688495595
용남길,33.5090377,126.5147697
자여로98번길,35.2742247,128.7015559
자여로112번길,35.2709267,128.7003085
주남로235번길,35.310396594,128.691984698
주남로61번길,35.303430779,128.674055295
주남로128번길,35.305065576,128.682305107
주남로17번길,35.301649692,128.670135824
죽동길53번길,35.331151451,128.675990532
봉강가술로237번길,35.3553525,128.678244
동읍로457번길,35.306687523,128.65453497
화양길76번길,35.295657705,128.644068993
동읍로503번길,35.311064597,128.656520905
동읍로401번길,35.302381933,128.659337296
서상로35번길,35.26372866,128.616519654
서상로11번길,35.2632618,128.6147131
의창대로139번길,35.2635228,128.6140117
천주로36번길,35.2671851,128.6205977
서상로,37.9378296,127.7002009
동정길35번길,35.264954222,128.6135763
천주로157번길,35.275283925,128.61530358
서곡길25번길,35.2542671,128.6487209
명서로134번길,35.2471192,128.6447999
우곡로,35.6249744,128.3865212
명지로93번길,35.2492657,128.6484567
명지로104번길,35.2464236,128.6476247
명지로,37.2263446,127.1992679
명서로130번길,35.2108597,129.1009216
창이대로103번길,35.2417559,128.6486062
명지로94번길,35.2484434,128.6465345
명지로121번길,35.2477513,128.6514883
원이대로200번길,35.2451084,128.6419269
창이대로99번길,35.2414335,128.6483193
명지로77번길,35.2500935,128.6476466
명서로4번길,35.2475741,128.6431471
명서로120번길,35.2108688,129.1005245
명서로133번길,35.2448968,128.6486674
명서로141번길,35.2442675,128.6481437
명서로129번길,35.2452001,128.6489335
명지로63번길,35.2510271,128.6471719
우곡로71번길,35.2461185,128.641668
서곡길,37.3148174,127.9589993
명지로103번길,35.2504514,128.6490594
명서로89번길,35.2497259,128.65036
명서로,35.2151454,129.0966012
명서로123번길,35.2464236,128.6476247
명지로84번길,35.2474886,128.6457342
원이대로210번길,35.2427166,128.6440105
명서로126번길,35.2476159,128.6455256
원이대로258번길,35.2424179,128.6474664
태복산로4번길,35.2516443,128.6397583
도계로163번길,35.2517661,128.6411104
명지로4번길,35.2501661,128.6409935
우곡로217번길,35.2404646,128.6491575
원이대로189번길,35.2475741,128.6431471
명지로67번길,35.2506095,128.6469578
원이대로206번길,35.2438764,128.6414036
창이대로107번길,35.2421036,128.6488977
창이대로95번길,35.2410921,128.6480499
명지로89번길,35.2491632,128.6479693
우곡로159번길,35.242995,128.6435668
명지로109번길,35.2505729,128.6495417
지귀로59번길,35.2485307,128.6532058
명지로122번길,35.2458456,128.6494643
창이대로81번길,35.2403119,128.6473035
명서로77번길,35.2498326,128.6507998
우곡로15번길,35.2495636,128.6387611
창이대로113번길,35.2430722,128.6480456
원이대로220번길,35.2428483,128.6455459
원이대로178번길,35.2460819,128.6401097
명서로119번길,35.2458456,128.6494643
명서로115번길,35.246171,128.6497389
명지로115번길,35.248275,128.6506333
도계로169번길,35.2515396,128.640582
우곡로3번길,35.2511767,128.6380008
봉곡로23번길,35.2478149,128.6609237
봉곡로93번길,35.2492996,128.6771644
봉곡로97번길,35.2489137,128.6773601
봉곡로119번길,35.24603,128.6726075
원이대로261번길,35.2443321,128.6497062
봉곡로,35.8117081,127.1022062
봉곡로99번길,35.2484293,128.6729845
지귀로60번길,35.2468875,128.6523876
지귀로,35.2446456,128.6587038
지귀로28번길,35.2443038,128.6527058
지귀로36번길,35.2455739,128.6522169
창이대로217번길,35.246771,128.6608786
봉곡로123번길,35.2456719,128.67241
봉곡로115번길,35.2464076,128.6727838
봉곡로24번길,35.2486014,128.6641672
창이대로187번길,35.2458333,128.6546232
원이대로285번길,35.244965,128.6532746
지귀로73번길,35.2478942,128.6561685
봉곡로64번길,35.2487763,128.6662718
봉곡로54번길,35.2473415,128.6649522
창이대로263번길,35.2475218,128.6672502
봉곡로47번길,35.2498239,128.6645095
지귀로93번길,35.2478942,128.6561685
창이대로321번길,35.2471898,128.6729438
지귀로128번길,35.24425,128.6559375
창이대로205번길,35.2465802,128.6593867
창이대로169번길,35.2454575,128.6556923
봉곡로97번길,35.2488931,128.677062
봉곡로11번길,35.2464531,128.661256
창이대로187번길,35.2465219,128.6571419
사림로45번길,35.2474756,128.6784283
봉곡로124번길,35.2465588,128.6684492
창이대로165번길,35.2451789,128.6552833
봉곡로120번길,35.2469535,128.6685759
원이대로285번길,35.2454857,128.6537226
봉곡로123번길,35.2456795,128.6723869
지귀로36번길,35.2457102,128.6519801
지귀로59번길,35.2494719,128.6524962
봉곡로93번길,35.2492634,128.6766498
봉곡로63번길,35.2496137,128.6663755
지귀로24번길,35.2442956,128.6518399
지귀로32번길,35.2452294,128.6519481
봉곡로35번길,35.2495395,128.663789
봉곡로115번길,35.2464512,128.6726476
봉곡로24번길,35.2485846,128.6641366
봉곡로111번길,35.2468247,128.672779
서곡길,37.3149021,127.9587229
지귀로120번길,35.2449271,128.6544399
지귀로73번길,35.2474166,128.6553031
봉곡로72번길,35.2485274,128.6671836
봉곡로54번길,35.2484404,128.6656449
창이대로333번길,35.2484504,128.677637
창이대로309번길,35.2487051,128.6706325
사림로,35.2436491,128.6852518
지귀로,35.2472152,128.6532879
소봉로,35.2538545,128.6693501
천주로36번길,35.2671851,128.6205978
감계로110번길,35.2978894,128.5935374
내감1길,35.300292129,128.592021967
천주로,35.309872,128.6027595
감계로280번길,35.3017057,128.5922041
단내로591번길,35.34409371,128.582067749
무릉산길223번길,35.340632896,128.577202429
구룡로312번길,35.306251548,128.636936103
대산길156번길,35.314097719,128.622798541
천주로769번길,35.3218064,128.5927796
마산길,35.5345939,129.1185911
신촌본포로,35.3549026,128.638156
천주로862번길,35.330425566,128.60099196
운무로783번길,35.3299889,128.590516
운무로681번길,35.325932357,128.578245958
무릉산길,35.3355965,128.5782317
온천로612번길,35.357675157,128.586508694
온천로643번길,35.361158211,128.589179641
온천로580번길,35.358450902,128.584316823
온천로,36.3549784,127.3447527
천주로1083번길,35.3476896,128.6066227
천주로1269번길,35.359868629,128.617988337
외감로,35.2900722,128.6011748
외감로35번길,35.290619138,128.599306967
외감로97번길,35.294726391,128.59395144
외산로341번길,35.384643562,128.597581574
외산로,35.3804209,128.5995341
월계길9번길,35.352461659,128.634918242
월계길,37.4486422,129.1602658
백월로277번길,35.3196654,128.6370873
백월로,35.3206897,128.6198697
백월로87번월촌길,35.32013919,128.616948484
구룡로,37.0999985,127.8783477
천주로192번길,35.278237169,128.615840452
하천로,33.3430179,126.8453131
하천로86번길,35.365743881,128.602782001
하천로63번길,35.365853679,128.599649089
천주로480번길,35.3001415,128.6044461
천주로603번길,35.309448,128.6012754
사림로16번길,35.2449903,128.6784466
창이대로383번길,35.2447613,128.6794274
사림로99번길,35.2453423,128.683618
사림로71번길,35.2467245,128.6813404
사림로8번길,35.2441089,128.6785417
창이대로417번길,35.2425262,128.6828365
사림로57번길,35.2482038,128.6797731
사림로85번길,35.2461819,128.6826484
용지로285번길,35.2398382,128.6873547
퇴촌로3번길,35.2431672,128.6860095
용지로281번길,35.2395245,128.6870501
창이대로343번길,35.2463444,128.6787871
용지로289번길,35.2401502,128.6876523
사림로12번길,35.244427,128.678873
창이대로409번길,35.2435484,128.6825713
창이대로483번길,35.2403796,128.6887938
사림로100번길,35.2443684,128.6821664
사림로158번길,35.2415843,128.6841348
용지로311번길,35.2409022,128.6895456
퇴촌로9번길,35.2430664,128.6865713
퇴촌로45번길,35.2429094,128.6894074
창이대로,35.2461217,128.6669354
사림로137번길,35.2432509,128.6870489
서상로64번길,35.2636214,128.6197423
평산로185번길,35.259612,128.6227835
평산로171번길,35.257917,128.6221218
평산로163번길,35.2571485,128.6220678
남산로113번길,35.2551093,128.6215332
평산로127번길,35.2551018,128.6194475
평산로207번길,35.2600309,128.625006
남산로,35.266869,129.091674
평산로135번길,35.2554939,128.6202121
평산로159번길,35.2568175,128.6222228
평산로215번길,35.2608859,128.6223033
평산로131번길,35.2552894,128.6198383
평산로211번길,35.2605243,128.6222846
평산로195번길,35.258374,128.6238155
의창대로254번길,35.259853369,128.625585729
읍성로17번길,35.2659295,128.6198156
서상로,37.9243034,127.703819
천주로12번길,35.262829,128.6204069
서상로12번길,35.2620791,128.6231937
천주로,35.3439843,128.6040988
서상로,37.9573212,127.6806896
평산로163번길,35.2571462,128.6218716
의창대로211번길,35.2633788,128.6211128
천주로1번길,35.262264,128.6176125
남산로115번길,35.256733,128.6233673
천주로18번길,35.2634797,128.6197384
의안로27번길,35.2639882,128.6222263
금강로355번길,35.2585434,128.5994125
소계로116번길,35.2596901,128.5983702
소계로106번길,35.2589205,128.5990746
금강로341번길,35.2579225,128.5974421
소계로84번길,35.257369,128.600479
금강로,35.2472884,129.0889123
금강로379번길,35.2420404,129.0846592
소계로,35.2552959,128.6028137
소계로78번길,35.256989,128.6008269
소계로90번길,35.257273215,128.599115476
소계로94번길,35.2587839,128.6007781
금강로369번길,35.2409404,129.0857728
소계로128번길,35.2605452,128.5976101
의안로28번길,35.263844,128.6266535
의안로62번길,35.2670265,128.6267165
의안로66번길,35.2674838,128.626732
의안로2번길,35.2616021,128.6264518
의안로44번길,35.2655568,128.6266887
의안로70번길,35.267849,128.6267443
의안로32번길,35.2644404,128.6266799
의안로,37.6402621,127.2348731
의안로50번길,35.2660792,128.6266901
읍성로79번길,35.2665585,128.6267126
읍성로67번길,35.2665612,128.6253308
의창대로289번길,35.2630139,128.6293139
읍성로,35.5699022,129.1269182
창이대로574번길,35.2313121,128.6932724
상남로226번길,35.2294746,128.6919284
동산로185번길,35.2249534,128.6934529
신사로21번길,35.2279137,128.6896141
상남로184번길,35.226646,128.6902522
신월로5번길,35.2335341,128.6920349
동산로181번길,35.2247088,128.6930443
상남로192번길,35.2276271,128.6902758
상남로174번길,35.2266367,128.6885345
동산로175번길,35.22330089,128.694111352
신월로85번길,35.2260764,128.6961511
창이대로600번길,35.2278617,128.6954591
신월로20번길,35.2287326,128.6897131
신월로,37.5154609,126.8341774
창이대로590번길,35.2301287,128.6950692
상남로230번길,35.2315038,128.6908177
창이대로584번길,35.2305516,128.6938966
창이대로566번길,35.2317526,128.6927466
신월로86번길,35.2246493,128.694855
상남로202번길,35.2285398,128.690334
신월로17번길,35.2314971,128.6920183
신사로35번길,35.2271085,128.6907082
신사로45번길,35.2263625,128.691654
외동반림로254번길,35.2387003,128.6828786
용지로265번길,35.2380241,128.686606
외동반림로266번길,35.2393786,128.682583
용지로249번길,35.2367408,128.6854931
창이대로460번길,35.2382215,128.684411
창이대로440번길,35.2409397,128.681791
외동반림로282번길,35.2404728,128.6831849
용호로,35.129413,129.1058843
용지로239번길,35.2361052,128.6847139
외동반림로248번길,35.23816,128.6811925
읍성로41번길,35.2663515,128.6224956
읍성로34번길,35.2639882,128.6222263
의창대로266번길,35.260757682,128.627286951
천주로12번길,35.2628471,128.6200513
의창대로156번길,35.2603935,128.6148064
남산로9번길,35.2611335,128.6143514
의창대로180번길,35.2602778,128.6168252
사화로80번길,35.2523953,128.6144399
팔용로400번길,35.252510822,128.611363325
팔용로403번길,35.2539106,128.6094139
팔용로426번길,35.2539064,128.6140835
팔용로407번길,35.2541992,128.6096768
팔용로420번길,35.2532943,128.6135527
사화로56번길,35.2536602,128.6122469
사화로48번길,35.2541351,128.6113364
사화로34번길,35.2547695,128.6101966
팔용로425번길,35.2556391,128.6110108
팔용로416번길,35.2530375,128.6133268
사화로47번길,35.256204,128.6132402
사화로,35.2497195,128.6218432
의창대로70번길,35.2568881,128.6085974
팔용로411번길,35.2544813,128.6099348
팔용로439번길,35.2565995,128.6118804
팔용로396번길,35.2515589,128.6120436
팔용로395번길,35.2533587,128.6088901
팔용로451번길,35.2574428,128.612645
가주로15번길,35.1056467,128.8380139
중초로15번길,35.1544635,128.6796289
충장로297번길,35.153723834,128.684427057
경화로38번길,35.1569052,128.6895491
경화시장로,35.1555944,128.6907313
충장로337번길,35.1555108,128.6887884
충장로305번길,35.1553587,128.6853725
경화로18번길,35.1551741,128.6888152
경화로8번길,35.1542273,128.6885824
충장로245번길,35.1550839,128.6787669
경화로37번길,35.1566257,128.68308
경화로45번길,35.1573793,128.6830353
충장로289번길,35.1552799,128.6836014
태백로,35.1540242,128.6768401
조천북로,35.1606833,128.6875994
충장로285번길,35.1552604,128.6831643
경화로25번길,35.1556958,128.6844949
경화로21번길,35.1552799,128.6836014
중초로,35.1551754,128.681256
중초로23번길,35.1550839,128.6787669
충장로235번길,35.15404,128.6783232
경화로29번길,35.1559877,128.6835547
충장로273번길,35.1562944,128.6830997
진해대로583번길,35.157576561,128.679286423
경화로7번길,35.1540218,128.6836844
웅천중로51번길,35.110362569,128.749585647
웅천중로33번길,35.10931848,128.749182813
웅천로335번길,35.115702902,128.766379161
덕산로14번길,35.1456047,128.701619
웅동로57번나길,35.1271398,128.7825326
웅동로111번길,35.123265305,128.78892361
웅동로57번길,35.1260615,128.783442
명동로41번길,35.096609342,128.718017895
우도로,33.5008052,126.9539488
웅천로177번길,35.113820173,128.74944807
웅천로159번길,35.1148112,128.7487624
웅천북로,34.7498942,127.6735637
웅천북로146번길,35.1229557,128.7392687
진해대로763번길,35.1598812,128.6995735
동진로35번길,35.1534964,128.7011513
진해대로874번길,35.1513393,128.704632
석동로83번길,35.1582987,128.7052885
진해대로789번길,35.1588654,128.7021556
돌리로15번길,35.1599895,128.6996545
석동로39번안길,35.1569789,128.7016865
소사천로26번길,35.12744277,128.776171649
중원서로,35.1463244,128.6582507
중원로10번길,35.1448864,128.6599167
안골로285번길,35.0993416,128.8045119
안골로293번길,35.0996903,128.805283
안청남로6번길,35.1004299,128.8035452
안골로298번길,35.09713,128.8048018
안골로220번길,35.0924582,128.7978122
안골로297번길,35.0997188,128.8058163
여좌로99번다길,35.1619036,128.6614494
대야남로35번길,35.15363023,128.668825862
대야로36번길,35.1552668,128.669512
여명로25번가길,35.1566673,128.656776
대야남로51번길,35.1546308,128.6700592
여좌로99번라길,35.1616743,128.6609121
여명로16번길,35.1544778,128.6575354
여좌남로,35.1550323,128.6604711
여좌남로24번길,35.1552074,128.6583925
여좌천로120번길,35.163483761,128.661577944
용원남로14번길,35.0966991,128.8188087
용원남로,35.0977654,128.814435
용재로89번길,35.1014319,128.8197725
용재로35번길,35.1025519,128.8140021
용재로77번길,35.1017948,128.817875
용원중로6번길,35.09756,128.8166522
용원북로6번길,35.1030359,128.8169337
행암로314번길,35.1014738,128.6995177
석동로,37.3263861,127.4337487
해원로2번길,35.1529576,128.6961462
동진로82번길,35.1497285,128.7022114
충장로450번길,35.1485538,128.694839
냉천로30번길,35.150212844,128.701533605
편백로14번길,35.148058,128.6573065
충무로58번길,35.1505358,128.6569184
자은로78번길,35.1503827,128.7098168
덕산로,37.6940927,126.7326943
덕산로61번길,35.1460621,128.7067634
덕산로45번길,35.1492141,128.7046507
자은로24번길,35.1485434,128.7050312
냉천로141번길,35.1562639,128.7103311
인사로38번길,35.149087089,128.670290612
인사로28번길,35.15009011,128.669654598
인사로32번길,35.1493554,128.6698783
충장로176번길,35.151474031,128.670376888
중원로15번길,35.145556,128.6590527
속천로23번길,35.14387276,128.671074833
중원로16번길,35.1454674,128.6599925
태평로,35.8760478,128.5920079
충장로603번길,35.1356314,128.7043435
충장로511번길,35.1432834,128.7033138
충장로597번길,35.1363963,128.7055174
천자로,35.151579,128.6918613
덕산로46번길,35.1445885,128.7049574
행암로,35.1127482,128.7015604
중원로86번길,35.15164,128.6628818
교방남4길,35.2100361,128.5670027
노산남10길,35.212253664,128.571062303
회원남14길,35.2175963,128.567498
내포2길,35.0984909,128.578512
반동길,35.7653554,129.1074548
아랫석곡길,35.114823388,128.563015625
수정3길,34.7443626,127.7483773
옥계로,37.5529588,129.0130796
옥계안길,38.122230687,127.049144545
월영북14길,35.182052882,128.556905955
덕동남2길,35.138766055,128.578156847
덕동남3길,35.139966374,128.575814831
덕동길,35.435704,129.2983959
문화서8길,35.186959929,128.555246268
반월시장1길,35.1887345,128.5604186
동서서4길,35.2053472,128.5723913
합포북6길,35.211182545,128.579348497
산호서1길,35.2168135,128.5778751
산호동9길,35.213547224,128.587016211
산호동5길,35.2149288,128.5877221
산호동10길,35.2133186,128.5867059
산호북11길,35.2183294,128.5833367
노산남7길,35.2107161,128.5739569
노산북6길,35.2143689,128.5727355
합포서8길,35.210789173,128.576211293
노산동3길,35.2127037,128.5751735
노산남6길,35.2122605,128.5739492
노산남1길,35.2126839,128.5734705
노산북2길,35.214776199,128.571608543
동서남3길,35.200964432,128.568809912
동서서1길,35.2036066,128.57114
성호서8길,35.208388241,128.569672811
성호동2길,35.208175857,128.572340515
반월서1길,35.193262187,128.560581535
반월서5길,35.192494883,128.559994991
두릉길,35.1773052,128.5337589
오동동15길,35.2080162,128.5827293
오동북11길,35.2089433,128.5794642
완월남5길,35.197084796,128.558204462
완월동8길,35.1982139,128.5640284
중앙남8길,35.1949076,128.563969
고운로,35.1829372,126.9030906
완월서1길,35.200156351,128.556542586
문화남5길,35.1846677,128.5590635
월영남17길,35.177075438,128.560822355
월영남11길,35.177965108,128.560078875
월영서2길,35.177925345,128.555799818
월영남12길,35.1762683,128.5591518
자산서9길,35.203514834,128.560480865
자산북1길,35.205451,128.5631849
자산서4길,35.20455269,128.562302697
중앙남10길,35.1928148,128.5634919
중앙남3길,35.195289,128.565632
완월동7길,35.19916,128.5660173
완월동11길,35.1990061,128.5643713
중앙동3길,35.9740625,128.9306349
중앙북5길,35.2005229,128.5681719
고현새동네길,35.103140683,128.479565961
장기2길,37.0026695,127.2729916
주도1길,35.099978474,128.506834772
서동촌길,35.112730837,128.486652558
서촌바다길,35.1112365,128.4843742
귀정길,35.16334438,128.473604194
덕곡덕기길,35.1251318,128.4855824
부평1길,35.1013098,129.0258166
학동마을길,34.5637311,126.5116919
동삼길,35.1317836,128.4471253
지산4길,35.115737035,128.468736584
추곡1길,35.157032281,128.47955191
원산2길,35.152447234,128.368698662
동산1길,35.6156997,129.3309662
아랫소포길,35.0736354,128.4629833
양촌2길,35.9788556,126.7483296
양촌1길,35.9797253,126.7472366
개양길,35.12795597,128.382424952
둔덕안담길,35.191970838,128.389459185
이명3길,35.0913559,128.4438376
일암3길,35.116356809,128.375331346
진목길,36.9945073,126.8556684
창포1길,36.4113597,129.4288613
평암로,35.147882712,128.384693048
옥동길,36.5625988,128.7021641
가술길1번길,35.334217561,128.707692419
가술길,35.334389558,128.707764868
주남로327번길,35.315546229,128.693050772
주남로483번길,35.327482765,128.703931498
대산북로524번길,35.3667717,128.6952748
갈전로90번길,35.3649129,128.6815098
갈전로62번길,35.3654888,128.6790341
죽송로119번길,35.3576792,128.6795983
진산대로260번길,35.325458651,128.716790361
유등로,36.3618618,127.3957892
유등로359번길,35.3440146,128.7417149
갈전로99번길,35.3711217,128.6758199
대원로82번길,0.0,0.0
대원로52번가길,0.0,0.0
대원로,36.640046,127.4775814
대원로33번길,35.231922,128.6520496
두대로67번길,35.2318961,128.6520882
남면로113번길,35.2224056,128.6395317
대원로27번길,35.2318487,128.651268
도계로83번길,35.2579138,128.6401275
하남천서길51번길,35.2627101,128.6385199
도계로95번길,35.2569575,128.6408951
태복산로15번길,35.2548011,128.6391159
태복산로23번길,35.2551284,128.639394
태복산로31번길,35.2555782,128.6401836
도계로50번길,35.2595893,128.6354094
하남천동길32번길,35.261714,128.6405304
하남천서길21번길,35.2615015,128.6386508
원이대로103번길,35.2546486,128.6390511
태복산로27번길,35.2552215,128.6398946
태복산로13번길,35.2547003,128.638932
노연로228번길,35.3540346,128.6687129
덕산길,35.3236276,129.2401588
동읍로1055번길,35.3422729,128.6592542
자여로78번길,35.275334,128.6996052
자여로60번길,35.2773741,128.7000794
자여로,35.2718428,128.6950009
봉강가술로207번길,35.3525825,128.677674
자여로93번길,35.2762572,128.7053875
동읍로112번길,35.28596704,128.680603517
신방로,36.9214393,127.1227564
의창대로421번길,35.2679441,128.6401421
용잠로35번길,35.2809489,128.6887137
의창대로,35.3042011,128.7127123
동읍로19번길,35.2796885,128.6844037
자여로98번길,35.274262,128.7015102
주남로71번길,35.304503835,128.675068459
봉강가술로237번길,35.3553881,128.6780502
죽동길,35.1980604,128.8805999
서상로25번길,35.2634614,128.615475
동정길,35.2673073,128.6184793
동정길51번길,35.265681185,128.615704731
동정길43번길,35.265580591,128.614788259
원이대로196번길,35.24604,128.6412481
명서로134번길,35.2470191,128.6449527
지귀로59번길,35.2485903,128.6532295
명서로120번길,35.210719,129.1005232
명지로104번길,35.2465768,128.6477548
창이대로99번길,35.2417557,128.6477647
명서로111번길,35.246918,128.649208
명지로94번길,35.2470873,128.6468493
우곡로159번길,35.243006,128.6435773
명서로107번길,35.2472182,128.6494619
원이대로189번길,35.2495548,128.6454735
명서로30번길,35.2495081,128.6449336
명서로141번길,35.2447001,128.647378
원이대로220번길,35.243061,128.6454754
명지로93번길,35.2493077,128.6484389
명서로115번길,35.2466099,128.6489555
명서로,35.2151485,129.0964565
우곡로15번길,35.2494897,128.6388399
명지로67번길,35.2506267,128.6470014
명지로103번길,35.250343,128.6491018
명지로122번길,35.2456868,128.6493303
명지로115번길,35.2482937,128.6506681
원이대로206번길,35.2426322,128.640312
명지로14번길,35.2500602,128.6425252
명지로10번길,35.2497776,128.6420342
도계로163번길,35.2512634,128.641526
원이대로224번길,35.2427998,128.6458036
우곡로71번길,35.2464897,128.641361
원이대로240번길,35.2420147,128.644842
우곡로3번길,35.2506324,128.638453
명지로4번길,35.2494988,128.6415437
명지로121번길,35.247787,128.6516252
원이대로178번길,35.2463841,128.6401893
명서로116번길,35.2480133,128.6465062
명지로84번길,35.2476257,128.6458478
원이대로200번길,35.2448445,128.6416763
우곡로101번길,35.2438869,128.6413884
명지로77번길,35.2500436,128.6475559
명서로89번길,35.2491708,128.6510452
우곡로85번길,35.2450999,128.6419413
명지로109번길,35.250329,128.6496293
태복산로4번길,35.2519199,128.6402519
명서로4번길,35.2476364,128.6430954
원이대로210번길,35.2426422,128.640832
창이대로103번길,35.2420849,128.6480397
창이대로321번길,35.2471961,128.6729439
사림로29번길,35.2469487,128.6746926
봉곡로23번길,35.2482275,128.6604761
지귀로60번길,35.2466385,128.6521797
사림로45번길,35.2490624,128.6818778
지귀로73번길,35.2480365,128.6546109
창이대로333번길,35.2478446,128.6765902
대봉로,35.852894,128.6029938
봉곡로4번길,35.246171968,128.663066331
봉곡로8번길,35.2471796,128.6634961
봉곡로3번길,35.2456342,128.6613992
지귀로120번길,35.2450582,128.6558649
지귀로28번길,35.2445283,128.6523105
봉곡로98번길,35.2481326,128.6690191
봉곡로120번길,35.2476611,128.6697973
창이대로197번길,35.2464844,128.6584091
봉곡로11번길,35.2471502,128.6613955
소봉로20번길,35.2521344,128.6712283
소봉로7번길,35.2508079,128.6701261
대봉로42번길,35.254307739,128.667632913
읍성로,35.5674944,129.1178823
의안로55번길,35.2665211,128.621156
내감2길,35.301585867,128.590786541
천주로577번길,35.3069174,128.599473
고암길,37.8363557,127.0721947
구룡로339번길,35.30185655,128.62425925
동전무동길26번길,35.3167371,128.5980646
동전로223번길,35.3153343,128.5971953
신촌본포로186번길,35.346927212,128.626162953
운무로,35.3286371,128.5881932
신리길27번길,35.346747,128.6040548
천주로972번길,35.3431531,128.6123368
거산길,36.9881891,126.8574093
구룡로,37.1328081,127.8819398
구룡로38번길,35.286372357,128.614027508
하천로132번길,35.368005158,128.604063552
사림로149번길,35.2411277,128.6878779
사림로71번길,35.2474343,128.6817931
사림로4번길,35.2438493,128.6780564
사림로85번길,35.2471144,128.6824207
창이대로413번길,35.243467,128.6827989
퇴촌로9번길,35.2421626,128.6872744
사림로158번길,35.2431291,128.6837206
용지로275번길,35.2393877,128.6865279
사림로99번길,35.2463255,128.6843995
용지로293번길,35.2408083,128.6875202
창이대로469번길,35.2399704,128.6874499
평산로185번길,35.2602422,128.6217049
평산로147번길,35.2558861,128.6217621
의창대로206번길,35.2607456,128.6203683
남산로,35.2669149,129.0904434
소계로78번길,35.2569955,128.6008377
금강로369번길,35.2409408,129.0855611
금강로341번길,35.2580721,128.5973178
소계로,35.2595719,128.596403
소계로116번길,35.2595186,128.5980934
소계로84번길,35.2576064,128.6008709
소계로106번길,35.2590005,128.5992049
금강로,35.2646009,129.0885943
의창대로261번길,35.2631731,128.6266069
의안로32번길,35.2644248,128.6271914
의안로62번길,35.267026,128.6267432
의안로8번길,35.2620831,128.6259333
의안로70번길,35.2678335,128.626444
읍성로67번길,35.2663834,128.6253314
의안로28번길,35.2638633,128.6262163
의창대로289번길,35.2629167,128.6293271
의안로44번길,35.265552,128.6268786
의안로12번길,35.2625222,128.6262455
창이대로576번길,35.2315373,128.6940652
상남로184번길,35.2280166,128.6878517
신월로5번길,35.2319456,128.6906889
신월로6번길,35.229874,128.688929
상남로258번길,35.2334234,128.6926379
신월로85번길,35.2262708,128.6963333
신월로,37.5145339,126.8310075
상남로174번길,35.2266103,128.688581
신월로59번길,35.2274268,128.6953995
상남로216번길,35.2293445,128.6905415
상남로248번길,35.232694,128.6921932
신사로55번길,35.22611,128.6925454
창이대로600번길,35.2286364,128.694134
신사로,37.4897446,126.9217402
용지로261번길,35.2376864,128.6863284
용지로265번길,35.238125,128.6864658
창이대로478번길,35.2374303,128.6860957
창이대로440번길,35.2404711,128.6824591
창이대로492번길,35.2364829,128.6870698
외동반림로254번길,35.2395733,128.6805836
외동반림로262번길,35.2394204,128.6816323
외동반림로266번길,35.2395153,128.6823433
용지로245번길,35.2364995,128.6850829
의창대로282번길,35.2607001,128.6290624
읍성로34번길,35.2639108,128.6222636
의안로31번길,35.2644816,128.6221924
천주로18번길,35.2634363,128.620329
의안로27번길,35.2639862,128.6224133
사화로48번길,35.2540259,128.6112368
팔용로419번길,35.25506,128.6104772
남산로1번길,35.2615414,128.6142634
남산로9번길,35.2611376,128.6144939
의창대로54번길,35.2557403,128.6070505
남산로27번길,35.259968,128.6140486
사화로80번길,35.2522427,128.6143129
사화로21번길,35.2575084,128.610986
사화로22번길,35.2554494,128.6090931
사화로18번길,35.2554573,128.6084397
사화로56번길,35.2535176,128.6121245
팔용로408번길,35.2524214,128.6127997
사화로33번길,35.2568688,128.612111
팔용로416번길,35.2530279,128.6133435
팔용로443번길,35.2568765,128.6121178
팔용로411번길,35.2544807,128.6099358
팔용로439번길,35.2566076,128.611866
팔용로403번길,35.2535754,128.609968
팔용로407번길,35.2541964,128.6096818
팔용로451번길,35.2574369,128.6126555
구암남6길,35.2456676,128.5921165
구암남3길,35.2458472,128.5919535
3·15성역로,35.2515877,128.5912858
구암남20길,35.249460382,128.603161272
구암동정길,35.2525717,128.5996976
구암북17길,35.2569917,128.5959252
구암북1길,35.2552266,128.5979818
구암북9길,35.2539328,128.5949878
구암남16길,35.2493199,128.5994105
삼계본동2길,35.230870165,128.497344158
삼계로,35.1526382,128.0343587
감나무골길,36.8622695,127.1324313
광려로,35.2192868,128.5019566
함마대로,35.2499692,128.5169362
죽암로,35.2567635,128.5099266
중리상곡로,35.2479195,128.5088111
중리공단로,35.2421244,128.5104741
윗구슬길,35.239056823,128.531731664
안곡길,35.3903582,127.4326197
호원로,35.2411495,128.5374859
호계본동1길,35.268414786,128.522175804
두척2길,35.23714646,128.542384991
두곡길,37.2081464,126.7825657
봉암북7길,35.223037,128.5986944
석전동2길,35.2315279,128.5730052
석전북9길,35.232876979,128.571095584
석전북5길,35.2321534,128.571514
석전동7길,35.2309555,128.5741734
석전남23길,35.226451991,128.570941205
양덕서9길,35.224009931,128.578366093
양덕천길,35.2330798,128.5887046
양덕동10길,35.2289785,128.5867243
양덕북14길,35.2342105,128.583939
양덕남7길,35.2280664,128.5858597
합성동12길,35.2420859,128.5890201
합성남14길,35.235082045,128.590462003
구암남1길,35.2436451,128.5902107
합성서9길,35.2387443,128.5814989
합성시장길,35.2406036,128.5871911
합성북19길,35.2448666,128.5851554
합성남13길,35.237318884,128.58670728
합성남12길,35.2374023,128.5878028
합성서3길,35.2420579,128.5846442
합성남6길,35.235802239,128.582644333
회성동1길,35.2336868,128.5632687
회성남14길,35.2322305,128.5625043
회성동4길,35.232876462,128.564570508
회성시장1길,35.2325161,128.5597137
회성남5길,35.2334312,128.5559555
바냇들1길,35.219244725,128.578469647
회원동6길,35.216377578,128.572298889
회원동1길,35.21801653,128.571330976
회원동20길,35.223810622,128.57209448
회원북24길,35.2200297,128.5647089
회원동22길,35.225323073,128.572000665
회원동28길,35.2158904,128.5765707
회원동16길,35.2201408,128.57248
회원동19길,35.223536158,128.571316911
경화로30번길,35.156201,128.6884232
중초로9번길,35.1538223,128.6789368
충장로245번길,35.1552412,128.6787574
조천북로97번나길,35.163440207,128.681584915
경화로33번길,35.1563674,128.6848379
경화로16번길,35.1548456,128.6885162
병암로37번길,35.157003,128.6916632
중원로,35.9730009,129.3976461
중원로43번길,35.1481011,128.6589871
웅천중로33번안길,35.108874566,128.748667298
남영로,35.1016689,128.7757635
남영로467번길,35.109015018,128.774760263
태평로92번길,33.242044,126.5316764
속천로84번길,35.1408226,128.6706056
덕산로40번길,35.1442796,128.7043361
마천로18번길,35.1267791,128.7852765
명제로,35.0971391,128.7326091
돌리로21번길,35.1602038,128.7006485
석동로59번길,35.1568373,128.7039446
진해대로801번길,35.1581821,128.7035196
진해대로882번길,35.150475997,128.705259602
웅천중로55번길,35.111352505,128.74921242
소사로5번길,35.125652745,128.78046894
소사로59번길,35.1291291,128.7773618
소사로59번가길,35.130054944,128.776410826
수도로34번길,35.084749017,128.746665563
안청로4번길,35.0984035,128.8053311
안골로281번길,35.099017,128.8042342
안청남로40번길,35.1000725,128.8063873
여좌천로,35.1698646,128.655736
여좌남로55번안길,35.1568442,128.6614959
대야남로51번길,35.1545016,128.6701673
대야남로45번길,35.1538547,128.6700587
대야남로,35.1543116,128.671167
여좌로63번길,35.1577746,128.6612451
태백서로,35.1574957,128.6746433
여좌로15번길,35.1539712,128.6623777
여명로,35.157292,128.6580472
여좌로56번안길,35.1580424,128.6636186
여좌로47번길,35.15593,128.661479
태백서로,35.1544084,128.6723476
여좌로21번길,35.154606,128.6625925
여좌천로80번길,35.1599067,128.660682
여좌로99번다길,35.1617455,128.661428
용원남로56번길,35.0984372,128.8146287
용원서로,35.1011901,128.8132313
용원중로17번길,35.0990278,128.8152279
용원중로30번길,35.0996092,128.8177382
용원로89번길,35.0995799,128.8192021
용원북로11번길,35.1038941,128.8151994
용원남로14번길,35.0972774,128.8189767
용원중로25번길,35.0996996,128.8154264
용재로89번길,35.1008389,128.820425
용원로78번길,35.0979834,128.8173269
용원북로12번안길,35.1027885,128.8180786
용원동로,35.0934238,128.8195915
용원북로11번가길,35.1039557,128.8114612
진해대로2457번길,35.103229131,128.82634175
충장로468번길,35.1478644,128.6949834
충장로426번길,35.1502926,128.6923284
해원로8번길,35.1533308,128.6971091
이동로37번길,35.1514019,128.6956167
충장로435번길,35.1504706,128.6986709
이동로58번길,35.1506413,128.6986998
이동로,36.0322509,129.3375852
동진로88번길,35.1491439,128.7020923
충장로415번길,35.1522518,128.6977151
충장로364번길,35.1531344,128.6921863
냉천로26번길,35.1494613,128.7014146
이동로14번길,35.1494098,128.6934053
충장로364번가길,35.1526281,128.6924713
충장로419번길,35.1520347,128.698544
충장로442번길,35.1499303,128.6941167
해원로32번길,35.1546343,128.6979195
충장로459번길,35.1486615,128.7002181
동진로11번길,35.1552266,128.6981774
충장로406번길,35.1516838,128.6937677
충장로463번길,35.1482311,128.7003834
이동로2번길,35.149175,128.691423
편백로13번길,35.1500171,128.6575935
자은로28번길,35.1494986,128.7059905
자은로64번길,35.1492746,128.7088805
자은로6번길,35.148498,128.7040905
진해대로988번길,35.1413301,128.7062087
진해대로979번길,35.1408579,128.7095265
덕산로,37.6965077,126.7357878
냉천로141번길,35.1558204,128.710884
진해대로982번길,35.1417583,128.7042596
진해대로901번길,35.149239,128.7088196
냉천로129번길,35.1563991,128.709371
자은로88번안길,35.1522664,128.711709
행암로92번길,35.1286601,128.6991499
제덕로234번길,35.1050085,128.7428599
제덕로,35.1051099,128.7393845
태평로37번길,35.146980758,128.663963891
인사로24번길,35.149656,128.6690659
백구로,35.1512334,128.6578492
어은로23번길,35.114637211,128.727522571
어은로35번길,35.11557867,128.729053925
중원로38번길,35.1474335,128.6597972
중원동로10번길,35.1450793,128.6641906
중원서로,35.1463464,128.658254
중원로16번길,35.1454714,128.6599501
대야남로67번길,35.1559358,128.6715532
대야로36번길,35.1553292,128.6696419
충장로511번길,35.143481,128.7025369
천자로407번길,35.1361124,128.7091142
충장로603번길,35.135867,128.7027367
천자로,35.1514508,128.691483
천자로363번길,35.1359318,128.7044377
중원서로,35.1515761,128.6589004
편백로7번길,35.1510615,128.6570032
귀산로80번길,35.168079273,128.616319379
귀산로52번길,35.165572852,128.615833899
귀산로86번길,35.169008827,128.614953946
충혼로179번길,35.2405916,128.6649224
창원천로234번길,35.2440621,128.6641045
반송로41번길,35.2424462,128.6633878
창이대로719번길,35.2208947,128.7031999
동산로220번길,35.2248395,128.6983326
창이대로716번길,35.220589,128.7003978
안민안길30번길,35.1866202,128.6928456
안민안길11번길,35.1865762,128.6903744
안민안길,35.1864501,128.6913791
안민로159번길,35.1853919,128.6930472
외동반림로68번길,35.2249282,128.6747535
외동반림로50번길,35.2234086,128.6741165
외동반림로142번길,35.2301638,128.67471
용지로,37.7640061,128.8992539
조천북로98번길,35.1600298,128.6827944
경화로25번길,35.1557128,128.6848827
태백로11번길,35.1534142,128.6756297
경화로8번길,35.1542263,128.6885585
병암로45번길,35.1576764,128.6910399
충장로321번길,35.1554868,128.6870951
동진로143번길,35.1445375,128.7037774
웅천북로19번길,35.115344037,128.747644049
돌리로10번길,35.1583252,128.7017939
석동로20번길,35.1533614,128.7016302
중원로10번길,35.1448907,128.6598693
여좌남로24번길,35.1548063,128.6583347
여좌남로42번길,35.1546017,128.6604102
여명로25번길,35.1587228,128.6571229
여좌남로56번길,35.1544488,128.6619097
여좌남로61번길,35.1553239,128.6626839
여좌로104번길,35.160855306,128.663597232
용원서로,35.1039412,128.814049
용원북로17번길,35.1045807,128.8141947
용원북로5번길,35.1034986,128.8146545
이동로13번길,35.1513465,128.6933965
병암로7번길,35.1549463,128.6922798
이동로68번길,35.1509265,128.699663
풍호로35번길,35.1413518,128.7051466
자은로40번길,35.1496629,128.7065962
냉천로141번길,35.156367,128.7102541
행암로92번안길,35.1278397,128.6994502
행암로66번길,35.128765223,128.702262836
진해대로1162번길,35.125701925,128.711116859
제덕로179번안길,35.099536794,128.744381892
인사로17번길,35.150628,128.6696139
중원로15번길,35.1456027,128.6586019
진해대로1041번길,35.1366501,128.7115464
천자로373번길,35.1367168,128.7061954
진해대로1033번안길,35.13774665,128.711335722
구암남14길,35.250332,128.6007168
구암북12길,35.257136,128.5965158
구암북13길,35.255754555,128.598457781
구암동6길,35.254234381,128.600697154
구암서7길,35.249269,128.5930176
구암남21길,35.252022633,128.602119362
감천로,35.0911408,128.9963392
삼풍로,35.8216532,128.754708
숲속로,35.2286551,128.4973045
전안길,35.2150427,128.503654
중리상곡로,35.2442894,128.5054219
신평안길,35.2410173,128.5109578
옥정3길,35.4137051,127.3881082
호계본동3길,35.265792309,128.519189037
호계본동2길,35.265537333,128.519899317
봉암북4길,35.2220624,128.5969676
석전서9길,35.2277682,128.5671025
석전북8길,35.233164732,128.572020401
석전동5길,35.2307148,128.5747233
석전남20길,35.2270333,128.5701571
석전남11길,35.225820313,128.571174243
석전동로,35.2319428,128.5751689
석전북13길,35.2330162,128.5700464
석전서3길,35.228391079,128.568303003
석전남18길,35.228230845,128.568954035
석전서1길,35.229496929,128.567420483
석전북17길,35.231202915,128.566451619
석전남1길,35.2280525,128.5694417
석전북20길,35.231251653,128.567919259
석전남22길,35.228113264,128.5730131
양덕옛2길,35.2315395,128.5786514
석전동16길,35.2368782,128.5792445
양덕동7길,35.2221586,128.5937929
양덕북18길,35.2363433,128.5834076
양덕북15길,35.2355641,128.5855481
양덕동19길,35.23255901,128.588620579
양덕남8길,35.2234544,128.5865943
봉덕1길,35.2222832,128.5937729
양덕북23길,35.234659804,128.581669457
양덕동18길,35.233855711,128.589606482
양덕동9길,35.2284666,128.5873801
양덕동1길,35.2252431,128.5891292
탑골1길,36.844793,127.9848391
합성동4길,35.243217085,128.587059846
합성북8길,35.2441077,128.5806219
합성북2길,35.2439357,128.5808283
3.15대로,35.2451946,128.5884747
합성동6길,35.2444596,128.5888228
합성남5길,35.236078291,128.582520141
합성서4길,35.2417018,128.5839361
합성동7길,35.2427309,128.5891815
구암남1길,35.2455266,128.5899523
합성서11길,35.2420889,128.5831748
제2금강산길,35.2483338,128.5784145
회성남9길,35.23215996,128.558678192
회성남2길,35.2338917,128.5619122
회성남21길,35.230922931,128.56529123
회성북7길,35.236033051,128.561021293
회성북3길,35.23581277,128.560042819
회성남10길,35.2330064,128.558645
회성남15길,35.2317799,128.5637852
회성동6길,35.232957799,128.565473948
회성북1길,35.235023289,128.559960095
회원남33길,35.2182393,128.5617807
회원남29길,35.218008319,128.562634286
회원남1길,35.217030847,128.570023021
회원남17길,35.2175752,128.5665215
회원남20길,35.2175752,128.5665215
회원남7길,35.2171123,128.5685946
교방북1길,35.214882321,128.564216515
회원북17길,35.220598172,128.566819915
회원남9길,35.2182242,128.5685604
회원동15길,35.2201886,128.5716411
회원북3길,35.2223144,128.5692134
회원동7길,35.2170709,128.5728646
회원북7길,35.2203606,128.5672527
회원남23길,35.2175748,128.5659301
회원북13길,35.2211427,128.5662564
회원동29길,35.2180749,128.5758949
회원남로,35.2188251,128.5625984
회원동11길,35.2168166,128.5745587
회원남28길,35.217792868,128.569877978
회원동17길,35.2216838,128.5724715
회원남27길,35.217904861,128.562581994
무학로,37.5800721,127.0303115
회원남30길,35.217736026,128.562567737
3.15대로,35.2452653,128.5884152
회원동서로,35.2187244,128.5728554
회원동14길,35.2201513,128.572338
회원북22길,35.218982873,128.565518921
회원북26길,35.2193878,128.5634617
회원북23길,35.2203676,128.5655156
회원동9길,35.2169595,128.5735215
회원동27길,35.2170775,128.5764086
회원남32길,35.2178574,128.5623479
회원동10길,35.2168726,128.574172
회원동13길,35.2201029,128.5729945
회원북24길,35.2201173,128.5647165
회원북28길,35.2210003,128.5646261
회원서1길,35.2237492,128.5691993
회원동16길,35.2201513,128.572338
회원동4길,35.218025,128.5737569
회원남31길,35.2178574,128.5623479
회원동5길,35.2169595,128.5735215
회원북25길,35.219602,128.563632
회원남19길,35.2170561,128.5675389
회원북21길,35.2203295,128.5661749
회원남33길,35.2179861,128.561709
회원서12길,35.215904,128.559789
회원동25길,35.218415962,128.575901058
회원동18길,35.22276,128.5721204
회원동23길,35.223443616,128.572589943
회원서10길,35.2147176,128.5606755
앵지밭골4길,35.221052708,128.556151978
앵지밭골2길,35.219887302,128.558313955
교방동13길,35.21025219,128.564502074
교방남5길,35.209865048,128.565922394
노산서2길,35.2130198,128.5701482
회원남25길,35.2167778,128.5644173
교방남7길,35.210080591,128.567466287
교방서1길,35.2116902,128.5653337
노산서24길,35.212372696,128.573222243
교방서4길,35.2134685,128.5636675
노산서22길,35.212118332,128.571492912
노산서21길,35.2142703,128.5674417
조밭길,35.063837621,128.559234032
내포3길,35.094910891,128.582584908
명주길,35.7400621,129.3805836
명주1길,35.8421362,127.1456787
석곡로,35.2054999,126.9530463
수정2길,37.917974,127.690773
실리섬길,35.063546127,128.637693019
어시장6길,35.2042881,128.5776106
반월북5길,35.1922792,128.5613757
반월북8길,35.191599808,128.560721265
중앙남10길,35.1928407,128.5634148
문화북10길,35.186152456,128.556994757
문화북8길,35.189363686,128.558636221
반월남3길,35.1899722,128.5613805
몽고정길,35.2052856,128.5715056
합포북2길,35.2117291,128.5809293
산호북9길,35.2193313,128.5841148
합포북11길,35.212397388,128.579374496
합포북14길,35.212760337,128.581765924
산호북7길,35.218758408,128.585441497
산호북12길,35.2172205,128.5832731
산호남5길,35.2163164,128.5802423
바냇들2길,35.2159109,128.5774703
산호북14길,35.2175709,128.5823255
합포북1길,35.2121836,128.5849105
노산동6길,35.213387713,128.575766031
노산남7길,35.2106937,128.5740212
노산북5길,35.213846468,128.571695362
노산동2길,35.213059164,128.574746724
노산북7길,35.2133647,128.5720778
노산북4길,35.215315154,128.572448213
합포북8길,35.2117481,128.5798306
동서북2길,35.2035831,128.5730752
동서서1길,35.2037025,128.5715558
동서남2길,35.200674,128.5690334
동서북3길,35.204048322,128.572611425
성호북2길,35.2111086,128.5704015
성호서2길,35.2077834,128.5707091
성호서12길,35.210290136,128.568846416
동서북8길,35.2037856,128.5747254
반월서6길,35.1925325,128.55962413
반월서8길,35.19354273,128.558869029
어시장7길,35.2027688,128.5761737
오동북3길,35.2082486,128.5806249
오동북1길,35.20860637,128.581162454
오동동8길,35.2076021,128.5821638
완월북9길,35.198575175,128.558983794
완월동9길,35.19871332,128.563328602
완월남11길,35.195345609,128.559648188
완월동21길,35.201097175,128.563013567
완월북8길,35.19932953,128.558886344
완월동10길,35.199189461,128.563813754
완월남3길,35.195141594,128.559278831
완월북1길,35.197987197,128.561638984
완월북11길,35.198238134,128.557266804
장군천로,35.1966353,128.5653738
우산길,34.8797383,127.4800908
반월남4길,35.189304993,128.559678037
월영북8길,35.182242415,128.555058099
밤밭고개로,35.1774046,128.5564426
월영서9길,35.176167502,128.556193426
문화서18길,35.186551691,128.55187321
문화서5길,35.187017668,128.553194786
월영남18길,35.1768022,128.5620861
월영남5길,35.1774039,128.5584298
월영남14길,35.1774092,128.5606732
반월동4길,35.190869,128.5649538
자산서10길,35.2048624,128.5624953
문신길,35.2062402,128.5700697
자산동18길,35.204584294,128.567258207
자산남9길,35.201234479,128.565056184
자산서11길,35.2055675,128.5620092
중앙남6길,35.1945735,128.5640374
중앙남7길,35.1952171,128.5649235
완월동6길,35.197424761,128.564948396
오동서14길,35.208747024,128.573878193
중앙동4길,35.9728867,128.9330504
중앙북4길,35.1997497,128.5679408
도만1길,35.116958237,128.531844906
도만2길,35.116123966,128.533292654
동전길,35.151991113,128.516591229
사동길,35.2463438,129.1630214
신성산3길,35.1150484,128.49024
문화마당길,35.1146954,128.4927603
성산길,35.0802857,129.0171503
신서촌로,35.1185091,128.4854804
중촌길,35.58145,129.25002
대평길,35.8410729,128.732044
연동1길,33.4879852,126.4866244
학동로,37.5134564,127.0287493
서북동길,35.160092884,128.427019298
의림로,35.1352711,128.4446973
인곡2길,36.1417371,128.8327123
추곡2길,35.157961051,128.478624305
곡안2길,35.110068414,128.414463351
금암상촌길,35.137970401,128.389748332
회진로,35.1019165,128.447312
오서8길,35.102199567,128.417145969
오서로,35.1031976,128.4165199
오서2길,35.1003596,128.4162028
호산정달로,35.0982604,128.438017
장자골길,35.9477182,126.8479967
목화전길,35.091696147,128.453815259
백암길,36.1937856,127.3982654
성호남1길,35.20595,128.570863
성호서1길,35.207289778,128.570503583
성호남2길,35.2061625,128.5704073
성호남5길,35.205734356,128.571603481
성호남7길,35.204503679,128.570334484
월영남로,35.1327043,128.5662576
문화남3길,35.1853415,128.5590641
문화남8길,35.1852229,128.5555047
구암남5길,35.2460849,128.5917359
구암남6길,35.2456681,128.5921175
구암동1길,35.2520187,128.5986
구암남10길,35.249572,128.5992454
구암서1길,35.2492677,128.595132
구암북10길,35.2545907,128.5959462
구암북5길,35.252453,128.5923304
3·15성역로,35.2473808,128.5879488
구암서8길,35.2503069,128.5942634
구암북1길,35.253511,128.5955505
구암북16길,35.2556699,128.5947386
구암동정길,35.2567723,128.6034792
구암북15길,35.2553234,128.5951429
구암북17길,35.2572789,128.5963904
구암북9길,35.2538407,128.5951107
구암서2길,35.2482948,128.5919662
구암남2길,35.2442164,128.5907891
구암남3길,35.2456681,128.5921175
구암서7길,35.2495063,128.5928296
구암서3길,35.2487677,128.5914904
구암서9길,35.2508185,128.5946903
구암서6길,35.2482948,128.5919662
구암남11길,35.2502115,128.6006253
구암북11길,35.2562966,128.595757
구암북8길,35.2537298,128.5939355
구암북2길,35.2545907,128.5959462
삼풍로,35.822408,128.7539483
삼계11길,35.237088201,128.503602449
삼계본동1길,35.2315959,128.4971683
삼계로,35.1609872,128.0354233
숲속로,35.2287137,128.4973326
삼계7길,35.230908043,128.501554158
삼계본동3길,35.2300432,128.4961997
경남대로,35.2018713,128.5185118
상곡안길,35.243756865,128.503478199
상곡로,35.2440144,128.5006113
광려로,35.2193308,128.5003749
신목길,35.7018296,126.713114
안성로,36.1157242,127.0052797
함마대로,35.2486896,128.5193492
수곡로,36.614849,127.4744169
중리1길,35.5275246,129.3984467
중리상곡로,35.2473858,128.508469
광려천서로,35.2457194,128.5087982
안곡길,35.3927056,127.4369313
광려천동로,35.254421,128.5196494
마재고개길,35.2420073,128.5371756
송평로,36.1779267,128.3827029
양덕동7길,35.2222384,128.5937116
봉암북6길,35.222646,128.5981089
봉암북2길,35.2214861,128.596594
봉암북11길,35.2201064,128.5986533
봉암북3길,35.2219419,128.5968936
봉덕2길,35.2222338,128.5957094
봉암북5길,35.2222507,128.5978678
봉암북4길,35.2219419,128.5968936
봉암북12길,35.219825415,128.599675348
봉암북7길,35.2227556,128.5987633
봉암공단9길,35.2136487,128.5978475
봉암북1길,35.2214128,128.595888
봉암공단로,35.2151321,128.6002468
석전남9길,35.2278325,128.573286
석전동5길,35.2306891,128.5747034
석전남19길,35.227963853,128.572977135
석전북5길,35.2318695,128.5712414
석전남20길,35.2269992,128.5701197
석전동4길,35.2309831,128.5741185
석전동6길,35.230379,128.5752795
석전서6길,35.2275195,128.5687175
석전동1길,35.2319024,128.5723925
석전동3길,35.2312729,128.5735554
석전동9길,35.2342893,128.5766701
석전동10길,35.2323332,128.5744134
석전북22길,35.2301853,128.5683368
석전남8길,35.2273164,128.5719128
석전서8길,35.2280835,128.5673525
석전동7길,35.2309831,128.5741185
석전남10길,35.2278325,128.573286
석전동2길,35.2315525,128.5730236
석전북18길,35.2309728,128.5670836
석전서9길,35.22788,128.5669443
석전남21길,35.227976267,128.572883157
삼호로,35.5460958,129.2845526
석전동12길,35.2329078,128.5764096
양덕북15길,35.2355715,128.585554
산호천동길,35.2297034,128.5822128
양덕북20길,35.2342323,128.5821588
양덕천길,35.2297313,128.5860409
양덕동2길,35.2243639,128.5888247
양덕북12길,35.2341462,128.5851804
양덕북2길,35.2327587,128.5847631
양덕북1길,35.2313969,128.5850527
양덕남8길,35.2224597,128.5866712
양덕서6길,35.231537437,128.580095665
양덕북4길,35.2359277,128.5849087
양덕북5길,35.2334625,128.5865568
양덕동12길,35.2307606,128.5863375
양덕북14길,35.234337,128.5837028
양덕동10길,35.2287145,128.5869639
양덕북16길,35.2359277,128.5849087
양덕북9길,35.233829,128.585833
양덕시장길,35.2222274,128.5915278
양덕남9길,35.2221918,128.5872276
합성북19길,35.2451057,128.5849562
합성동5길,35.2444536,128.5873845
합성북1길,35.242855,128.58301
합성동11길,35.2426197,128.5883234
합성서4길,35.241687,128.5839641
합성서8길,35.2394726,128.5814933
합성남16길,35.236725037,128.589668304
합성북7길,35.243379226,128.578954504
합성북24길,35.247708921,128.577620315
회성남8길,35.231926056,128.5573614
회성북8길,35.236163278,128.558852104
회성동3길,35.2332876,128.5644285
회성북13길,35.235757373,128.556888205
회성남7길,35.2331079,128.557238
회성북4길,35.235282003,128.559367477
회성남22길,35.23055805,128.566097566
회원북7길,35.2199377,128.5673141
회원남5길,35.216849379,128.570055
회원남10길,35.218069576,128.568455779
회원남26길,35.21797125,128.563666922
회원동3길,35.2173792,128.5724297
회원남32길,35.2179157,128.562363
회원남7길,35.2173778,128.5685864
회원남4길,35.2171392,128.5691743
회원북20길,35.220400922,128.566295561
회원서1길,35.22433,128.5691674
교방서1길,35.2112366,128.5654018
교방시장1길,35.2170387,128.5627475
교방동3길,35.21273563,128.566048062
원전2길,36.4843784,129.1886917
심리2길,35.069304146,128.60707719
구산신촌3길,35.095632533,128.585342834
동서북9길,35.2043763,128.5757686
문화서7길,35.1878444,128.554684
비포길,35.147127,128.585394
오동동3길,35.205233392,128.579258458
문화북9길,35.186965709,128.557548806
산호북18길,35.2208451,128.5844062
남성로,35.8683,128.58952
동서북11길,35.2050565,128.5732301
반월서11길,35.190298089,128.558391343
반월서10길,35.191166703,128.558553203
반월남2길,35.1885095,128.5610353
중앙남3길,35.1952324,128.5656517
오동동10길,35.205627,128.5804777
오동동5길,35.2060118,128.5812969
오동북14길,35.208861049,128.576861612
오동북4길,35.207565153,128.580712851
완월북2길,35.1972248,128.5609844
완월남10길,35.196330534,128.559667626
문화동5길,35.1854659,128.5622652
문화동4길,35.1855267,128.561496
월영북10길,35.182726736,128.555992575
월영남8길,35.175680545,128.5573137
반월동3길,35.190801361,128.56434957
자산서1길,35.204156478,128.564041797
자산동4길,35.2050875,128.5652572
반월동2길,35.190568688,128.563758245
해양관광로,35.0626833,128.5607973
서촌숲끝길,35.1165745,128.4875277
태봉1길,36.646568,128.1496256
대티1길,35.166835442,128.467295148
연동3길,33.4892223,126.4880597
연동로,35.1883988,129.0934753
진전정곡길,35.0623631,128.4262223
동서북13길,35.206339213,128.573974264
반월시장1길,35.188807,128.560205
가술산남로127번길,35.32678754,128.686557078
대산북로385번길,35.364018,128.6809061
모산길,37.1896349,126.9798992
우암로,35.1248469,129.074308
갈전로113번길,35.3682624,128.6827428
대산북로538번길,35.3667384,128.6961255
주남로400번길,35.3218052,128.7029344
주남로285번길,35.313554438,128.693878683
진산대로,35.3102154,128.7257975
대원로43번길,35.232404,128.6532765
두대로,35.2241857,128.6670434
대원로66번길,35.2376318,128.6557857
두대로55번길,35.2325097,128.6508815
대원로37번길,35.2323384,128.6523404
도계로8번길,35.2588803,128.6341265
원이대로69번길,35.2570482,128.6363325
동읍로835번길,35.333537,128.6661477
무성길85번길,35.290818009,128.700691021
동읍로1223번길,35.357225831,128.653165107
의창대로900번길,35.2778952,128.6898018
죽동길46번길,35.330975962,128.675616441
동읍로359번길,35.300515035,128.663024129
창이대로107번길,35.2423227,128.6485049
명서로130번길,35.2102603,129.1009017
창이대로113번길,35.2429058,128.6483475
명서로137번길,35.2454725,128.6468308
원이대로150번길,35.2498161,128.6392209
원이대로196번길,35.2454307,128.6406727
원이대로215번길,35.2475515,128.6437925
명서로,35.2080404,129.1025366
원이대로219번길,35.2494362,128.6440716
명서로77번길,35.2503187,128.6506275
창이대로89번길,35.2407185,128.6478462
원이대로214번길,35.2443779,128.6430856
원이대로222번길,35.2435193,128.6434642
우곡로149번길,35.2427494,128.642127
명서로137번길,35.2450249,128.6476161
명서로89번길,35.2491026,128.6507665
명지로63번길,35.251022,128.6471406
원이대로224번길,35.2443336,128.6458213
구암반계길,35.249223467,128.602789882
원이대로261번길,35.2443319,128.649706
봉곡로47번길,35.2497443,128.6654449
사림로29번길,35.247955,128.6738259
봉곡로99번길,35.2484499,128.6726508
무릉산길5번길,35.3286793,128.5825645
온천로587번길,35.360123716,128.582888408
신리길35번길,35.3478962,128.6036407
신리길30번길,35.3484419,128.6060394
백월로167번길,35.32033101,128.625237096
구룡로79번길,35.287872652,128.61819157
구룡로544번길,35.299319301,128.607719192
퇴촌로25번길,35.2423591,128.6889118
의창대로211번길,35.2633881,128.6211117
천주로1번길,35.2624075,128.6174251
소계로,35.2581125,128.5977386
의안로18번길,35.2629792,128.6258861
의안로59번길,35.2670013,128.6224932
창이대로564번길,35.2319734,128.6926265
창이대로570번길,35.2317776,128.6930566
창이대로590번길,35.2302245,128.6949025
신월로37번길,35.2309441,128.6932548
신월로86번길,35.2244977,128.6947191
신사로51번길,35.2260335,128.692098
창이대로584번길,35.2306453,128.6939784
외동반림로266번길,35.2407403,128.681619
용지로239번길,35.2360973,128.6847275
평산로208번길,35.260048492,128.627049099
의창대로282번길,35.2604337,128.6292454
남산로39번길,35.2598615,128.6153866
사화로,35.2383673,128.6389152
비음로27번길,35.2297523,128.701243
창이대로707번길,35.2214747,128.7020751
동산로65번길,35.2166497,128.6849854
단정로76번길,35.2159731,128.6865157
삼정자로43번길,35.19965,128.7105596
삼정자로51번길,35.1991285,128.7115642
외동반림로54번길,35.2244475,128.6743662
용지로21번길,35.2195853,128.6724951
원이대로566번길,35.2264949,128.6749225
가술산남로40번길,35.323715931,128.695715516
대산북로279번길,35.3666877,128.67215
갈전로,35.3665415,128.6809511
죽송로133번길,35.3608542,128.6811512
유등로369번길,35.344706948,128.743824264
대산북로525번길,35.3680695,128.6954274
제동길,35.336462364,128.719143584
태복산로11번길,35.2545835,128.6384336
원이대로55번길,35.2587646,128.6368211
원이대로81번길,35.2558522,128.6367425
원이대로113번길,35.2541374,128.6398592
노연로,33.4858106,126.4914473
무성길91번길,35.291198248,128.700577152
용잠로,35.49521,129.3801185
동읍로83번길,35.2831614,128.6802113
창이대로95번길,35.2412721,128.6477421
명서로129번길,35.245643,128.648151
명서로69번길,35.2516979,128.6508854
명서로142번길,35.2458246,128.6454008
원이대로214번길,35.2438521,128.6431839
창이대로283번길,35.2471912,128.6683786
봉곡로54번길,35.2473252,128.664952
봉곡로119번길,35.2460634,128.6725046
의안로49번길,35.2660558,128.6224682
구룡로314번길,35.30394906,128.627069534
외산로157번길,35.376413865,128.590227081
외산로335번길,35.383815454,128.598004495
하천로,33.3500153,126.8399008
천주로488번길,35.3025874,128.6040523
퇴촌로25번길,35.2428285,128.6876697
금강로379번길,35.2419368,129.0858466
소계로94번길,35.2584804,128.6002939
소계로128번길,35.2603349,128.5972795
읍성로79번길,35.2664167,128.6267059
의안로66번길,35.2674841,128.6266403
신월로71번길,35.2268741,128.695148
동산로177번길,35.2242384,128.6930191
창이대로464번길,35.2379489,128.684792
용지로249번길,35.2367266,128.6855175
의창대로156번길,35.2604701,128.6148109
구암북5길,35.2524198,128.5922686
삼계본동3길,35.2300534,128.4963521
신감길,35.8673417,127.097619
수곡로,36.6147237,127.474534
송평로,36.1664442,128.3606906
광려천북로,35.2565979,128.519348
송정아랫담길,35.243211957,128.552819153
회성북9길,35.23652135,128.552946834
봉암북3길,35.2217434,128.5973546
석전동12길,35.232878,128.5764613
양덕동3길,35.2233899,128.5904042
양덕북1길,35.2314679,128.5849035
합성남15길,35.2365644,128.5882246
합성북10길,35.244538,128.579835
회성동9길,35.234022286,128.565571279
구암남8길,35.2488855,128.596989
안계길,36.0334133,129.2707434
신평로,35.8794996,128.6740624
석전북10길,35.233435067,128.571705538
석전동8길,35.2329018,128.576405
산호천서길,35.2298241,128.5813777
양덕동17길,35.233643205,128.589916173
합포로,35.2247062,128.5873652
양덕남2길,35.2303438,128.5832252
양덕북10길,35.2320403,128.5842605
양덕남9길,35.2241577,128.5883933
합성동1길,35.242101296,128.585733574
회성남11길,35.2323868,128.5611061
회성동8길,35.2333149,128.5658529
회성서2길,35.234668371,128.551988114
회성서1길,35.234722292,128.551849053
회원남19길,35.217038,128.5670353
회원동17길,35.2216971,128.5722544
회원남24길,35.218044612,128.562508694
교방시장2길,35.2162788,128.5627899
회원서10길,35.2166064,128.5588347
가포해안길,35.1690059,128.5730647
교방서4길,35.2129683,128.5638973
노산서2길,35.2128699,128.5701704
윗용호길,35.071859583,128.597912459
심리1길,35.070347091,128.606139699
옥계로,37.583977,129.0323099
반월북5길,35.1921344,128.5612795
중앙남9길,35.1936462,128.5635387
문화서1길,35.1864462,128.5557056
사궁두미길,35.140059471,128.578667181
반월남1길,35.189755,128.5603267
동서서6길,35.2071245,128.5732331
합포동3길,35.2088337,128.5832576
합포북16길,35.213004749,128.578985269
산호동3길,35.2181697,128.5880985
노산동1길,35.211889731,128.571047593
고운로,35.1829646,126.9017968
반월남2길,35.1883114,128.5609336
문화북3길,35.1877051,128.5598996
어시장2길,35.2014675,128.5759477
중앙남5길,35.194069,128.5642987
중앙남4길,35.1930944,128.5645056
중앙서2길,35.1945775,128.56253
중앙남11길,35.1924371,128.5626576
문화동로,35.1879806,128.5629619
문화동10길,35.1831402,128.5610439
월영남20길,35.175255077,128.561574575
문화서16길,35.187026424,128.552064085
중앙남7길,35.1952833,128.5647374
중앙남2길,37.1701427,128.9916693
미더덕로,35.108603,128.4783044
요장2길,35.1159683,128.4946151
죽전샛길,35.104488114,128.478442232
주도2길,35.099645634,128.506534519
삼진의거대로,35.1032193,128.4280567
동촌길,36.943777,127.2538597
오산1길,35.5545675,129.2807307
부산1길,35.1365842,128.4627529
동삼길,35.1316996,128.4470109
팔의사로,35.1356512,128.3543996
의산삼일로,35.1526422,128.3701656
웃소포길,35.075770212,128.452352656
탑동길,34.6402672,126.7682165
이명1길,35.0943198,128.4468189
동서북14길,35.2056368,128.5757714
동서북10길,35.2058779,128.5746124
문화남7길,35.1849403,128.557528
문화남1길,35.1857509,128.5584455
경화로26번길,35.1558462,128.6879245
경화로,35.156102,128.6861644
경화로34번길,35.1564649,128.68703
경화로17번길,35.1549957,128.6845399
충장로263번길,35.1552009,128.6818282
조천북로97번가길,35.162940378,128.683554005
웅천동로152번길,35.1090652,128.7527272
남영로452번길,35.1120903,128.7822223
대장로,37.5405713,126.8005583
속천로84번길,35.1404729,128.6696483
충장로481번길,35.1466845,128.7030607
웅동로73번길,35.125361233,128.784357005
마천로,37.5078645,127.1291619
마천로10번길,35.125411063,128.78492625
웅천서로112번길,35.110532382,128.747529079
석동로59번길,35.1579715,128.7038664
석동로30번길,35.1531551,128.7030105
진해대로864번길,35.1518343,128.7047352
돌리로21번길,35.160499,128.7000292
안골로281번길,35.0991211,128.8041375
안청남로,35.1012023,128.8052843
태백서로14번길,35.1536243,128.6735218
여좌남로49번길,35.1559418,128.6613493
여좌남로61번길,35.1558154,128.6627366
태백서로13번길,35.1533918,128.6713171
여좌로38번길,35.1565813,128.6647291
여좌로63번길,35.1577809,128.6612378
용원남로10번길,35.0977757,128.8195341
용원서로,35.1041171,128.8141002
용원남로73번길,35.0992898,128.8139288
용원중로18번길,35.0985928,128.817506
용재로47번길,35.1018745,128.8151949
용원로78번길,35.0982155,128.8173951
용원로,35.0980623,128.8218424
동진로21번길,35.155128,128.6992781
동진로11번길,35.155063,128.6980952
진해대로976번길,35.1426263,128.7057816
풍호로49번길,35.1399272,128.7067017
덕산로55번길,35.1459871,128.7058564
자은로88번안길,35.1522511,128.7116631
충장로657번길,35.1307834,128.7060353
진해대로1099번길,35.130604,128.7098436
인사로36번길,35.149190291,128.670039149
인사로,35.1504025,128.6689173
태평로58번길,37.4484428,127.1336081
태백서로46번길,35.155890791,128.67376534
천자로353번길,35.1361434,128.7035464
가양로56번길,36.3418655,127.4434352
가양로98번길,35.2073222,128.7042561
반지로32번길,35.2399506,128.6632856
반송로41번길,35.2424933,128.6635183
창원천로234번길,35.2438267,128.6641501
창이대로639번길,35.2278197,128.6988958
창이대로690번길,35.2224988,128.6988091
삼정자로51번길,35.1991935,128.7115445
안민안길30번길,35.1865499,128.6928936
외동반림로138번길,35.2293055,128.6754226
원이대로552번길,35.2274606,128.6746736
가술길21번길,35.335443478,128.70653229
가술산남로34번길,35.322718924,128.695532024
대산북로271번길,35.3676577,128.6714711
봉강가술로394번길,35.343613764,128.693271956
모산길56번길,35.355780098,128.713098739
모산길41번길,35.355132561,128.710918321
모산길46번길,35.355012352,128.712202292
대산북로899번길,35.347743532,128.724476451
진산대로,35.3205904,128.7232437
제동길49번길,35.335047054,128.713484277
대원로,36.6402103,127.4776814
도계로12번길,35.2591222,128.6345476
도계로60번길,35.2579734,128.6364146
원이대로20번길,35.2591447,128.6304608
하남천동길,35.2617114,128.6399453
하남천서길37번길,35.262638,128.6395351
도계로4번길,35.258495,128.6338769
태복산로,35.2562898,128.6476166
원이대로93번길,35.2560332,128.639274
동읍로,35.3650099,128.6453634
노연로228번길,35.3548492,128.6676246
동읍로267번다호길,35.297287829,128.671430015
자여로118번길,35.273515,128.7023129
동읍로1310번길,35.363915241,128.648232984
동읍로1055번길,35.3422993,128.6583284
봉강가술로201번길,35.3528922,128.6766932
석산길,35.2078332,129.2098996
자여로93번길,35.2760227,128.7042414
의창대로491번길,35.276127546,128.64751923
용잠로,35.5024011,129.3431305
동읍로19번길,35.279453,128.6839483
용남길86번길,35.277167482,128.657812216
자여로,35.276165,128.6957633
자여로112번길,35.2709521,128.7003315
천주로121번길,35.274830447,128.602290302
태복산로54번길,35.2537972,128.6457113
원이대로174번길,35.2481439,128.6408081
명서로69번길,35.2517161,128.6495517
명서로119번길,35.2462979,128.6486832
창이대로81번길,35.2403301,128.6472794
태복산로4번길,35.2518266,128.6396093
우곡로3번길,35.2489493,128.6399306
원이대로246번길,35.2431034,128.6464177
원이대로258번길,35.2423471,128.647409
명지로89번길,35.2493673,128.6478985
도계로169번길,35.2509869,128.6410338
도계로173번길,35.2507143,128.6405375
지귀로119번길,35.2466036,128.6588747
지귀로76번길,35.2460902,128.6536238
창이대로227번길,35.2468445,128.6623634
읍성로33번길,35.2658009,128.6210692
감계로110번길,35.2968924,128.5937502
중방길,37.4010763,127.9290895
단내로,35.3450689,128.579433
달천길,34.7615051,127.5764855
외산로388번길,35.388002163,128.601304237
외산로217번길,35.37922832,128.595635961
신촌본포로333번길,35.360529145,128.632342151
천주로480번길,35.3011526,128.6043339
소계로132번길,35.260787,128.5974432
의창대로299번길,35.2630196,128.6304033
의안로,37.6490574,127.243906
의안로22번길,35.2634221,128.6258786
동산로185번길,35.2248719,128.6935958
창이대로586번길,35.2304807,128.6941335
상남로,35.4620776,128.7541215
외동반림로258번길,35.2391124,128.6814006
팔용로420번길,35.2532878,128.6135639
팔용로424번길,35.2535962,128.6138474
사화로17번길,35.2581154,128.6108796
의창대로180번길,35.2606167,128.6171218
사화로68번길,35.252885,128.6131998
팔용로396번길,35.2515536,128.6120532
사화로47번길,35.2562249,128.6132597
팔용로435번길,35.2563141,128.6116017
사화로34번길,35.2546556,128.6100931
팔용로415번길,35.2547683,128.6101988
교방남1길,35.2102736,128.5651107
교방동5길,35.2141005,128.5662367
교방동7길,35.2133633,128.5670294
교방동6길,35.2144921,128.5669803
교방동4길,35.2130005,128.5666761
노산서21길,35.2148923,128.5673097
교방동2길,35.212628,128.5655259
무학로,37.5743168,127.0309984
교방서7길,35.2111552,128.564868
교방서2길,35.2139511,128.5645978
노산서9길,35.2133716,128.5688892
교방동9길,35.2143031,128.5676645
노산서18길,35.2150593,128.5661506
구복길,35.070980741,128.566951322
구산로,37.4827359,126.751453
내포1길,35.0983826,128.5815675
석곡로,35.2063758,126.9514522
원전1길,36.487094,129.1910456
용호로,35.1295646,129.1057137
유천길,35.415627,127.3765135
어시장8길,35.2023516,128.5765051
동서북9길,35.2043755,128.5756928
문화서6길,35.187413238,128.553417869
문화서3길,35.186482037,128.553850816
덕동길,35.4357488,129.2987339
반월남6길,35.189864685,128.559818213
합포북17길,35.213772431,128.578232347
산호북20길,35.2210536,128.5854055
합포동4길,35.2089773,128.5841227
산호북6길,35.2191353,128.5862091
반월서12길,35.190257087,128.558074079
오동동14길,35.2054315,128.5819881
오동동9길,35.207867623,128.582423193
오동북9길,35.2081913,128.5791626
문화의길,37.7548207,128.8945167
완월북12길,35.198471311,128.558138228
문화동로,35.1882013,128.5622414
문화동14길,35.1818478,128.560067
문화동12길,35.1824314,128.5598697
만날고개2길,35.185475083,128.551537554
문화서15길,35.1897342,128.5568941
월영남10길,35.1750001,128.556727
자산서3길,35.203999957,128.563395108
자산북3길,35.2058686,128.5641504
자산동12길,35.204957039,128.566365598
묵지길,35.158042932,128.529877495
망곡길,34.7773183,128.4875248
이목길,34.6735533,127.5647805
근곡1길,35.1143059,128.4448764
오서곡안로,35.1039595,128.4175935
미천1길,35.150039387,128.401480222
동서북12길,35.2056787,128.5741389
창동거리길,35.2063397,128.5746805
문화동7길,35.1843331,128.5616513
문화동13길,35.1804631,128.559308
현동8길,35.146733618,128.55565997
옥동길,36.5600201,128.6997461
묘촌2길,35.131586595,128.552427798
죽송로133번길,35.360773,128.6812641
대산북로367번길,35.3635028,128.680529
대산북로539번길,35.368435657,128.695310336
갈전로119번길,35.3691386,128.6832492
제동길42번길,35.333299083,128.712822205
도계로4번길,35.2565475,128.6355436
하남천동길44번길,35.2622178,128.6409079
하남천서길51번길,35.2626329,128.6383585
도계로17번길,35.2607996,128.6337771
덕산길43번길,35.271592262,128.674463613
동읍로1141번길,35.351076187,128.65512723
석산길,35.2078926,129.2098595
신풍고개길,35.2699652,128.6343075
죽동길45번길,35.33206974,128.675648604
동정길,35.2672964,128.6184939
원이대로222번길,35.2436132,128.6435526
원이대로196번길,35.2459075,128.6414532
창이대로333번길,35.2462299,128.6746258
봉곡로72번길,35.2479087,128.667095
봉곡로11번길,35.2464829,128.6613696
창이대로165번길,35.2449343,128.655376
창이대로309번길,35.2486867,128.6706455
사림로29번길,35.2479465,128.6739562
지귀로32번길,35.2452345,128.6519392
봉곡로111번길,35.2467763,128.6729263
봉곡로120번길,35.2474741,128.6698121
봉곡로35번길,35.2494831,128.6636835
창이대로197번길,35.245208,128.6588457
봉곡로3번길,35.2455766,128.6611737
소봉로,35.2539444,128.6693637
감계로110번길,35.2975315,128.5940197
대산길38번길,35.306392987,128.622136466
동전무동길26번길,35.3167431,128.5981255
동전로,35.3001648,128.5959281
마산길,35.538072,129.1169793
신리길35번길,35.3478877,128.6035648
백월로74번기곡길,35.319554373,128.619239832
구룡로,37.0750707,127.9304087
온천로,36.3549374,127.3450624
천주로488번길,35.3010531,128.6037137
창이대로483번길,35.239695,128.689057
용지로281번길,35.2395536,128.687009
사림로45번길,35.2481356,128.677991
사림로71번길,35.2473705,128.6809236
사림로,35.2434608,128.6853443
사림로111번길,35.2448743,128.6855168
사림로99번길,35.2469907,128.6839373
퇴촌로9번길,35.2431285,128.6865642
사림로57번길,35.2471971,128.6791077
용지로285번길,35.2398561,128.687329
사림로4번길,35.2440485,128.677436
용지로311번길,35.2406796,128.6898566
사림로149번길,35.2411461,128.6879851
사림로85번길,35.2467953,128.6822222
창이대로457번길,35.240599937,128.686058156
용지로289번길,35.2401551,128.6876452
평산로127번길,35.2550413,128.6195504
평산로159번길,35.2568184,128.6222702
남산로113번길,35.2551396,128.6215661
읍성로17번길,35.2660884,128.6198169
서상로12번길,35.2619379,128.6181912
평산로171번길,35.2579245,128.6221897
의창대로210번길,35.2606278,128.6208481
평산로185번길,35.2603076,128.6208166
평산로215번길,35.2608862,128.6222981
평산로155번길,35.2556766,128.6206497
의안로55번길,35.2665207,128.6210095
의창대로261번길,35.2633705,128.6266195
의창대로299번길,35.2631223,128.6303888
의안로18번길,35.2630174,128.6252434
창이대로570번길,35.2311818,128.6928348
신월로37번길,35.2309043,128.6938575
원이대로20번길,35.259771,128.6306617
남산로17번길,35.2607358,128.6145335
의창대로116번길,35.2598574,128.613064
팔용로426번길,35.2538928,128.6141071
