행정동,소계,year,소계_Lag1,소계_MoM_Change,소계_변화율
대산면,7930.0,201501,,,
대산면,7915.0,201502,7930.0,-15.0,-0.18915510718789408
대산면,7898.0,201503,7915.0,-17.0,-0.21478205938092232
대산면,7885.0,201504,7898.0,-13.0,-0.16459863256520638
대산면,7913.0,201505,7885.0,28.0,0.35510462904248574
대산면,7906.0,201506,7913.0,-7.0,-0.08846202451661822
대산면,7857.0,201507,7906.0,-49.0,-0.6197824437136352
대산면,7850.0,201508,7857.0,-7.0,-0.08909252895507191
대산면,7837.0,201509,7850.0,-13.0,-0.16560509554140126
대산면,7814.0,201510,7837.0,-23.0,-0.29347964782442265
대산면,7797.0,201511,7814.0,-17.0,-0.21755822882006653
대산면,7794.0,201512,7797.0,-3.0,-0.038476337052712584
대산면,7758.0,201601,7794.0,-36.0,-0.4618937644341801
대산면,7758.0,201602,7758.0,0.0,0.0
대산면,7755.0,201603,7758.0,-3.0,-0.038669760247486466
대산면,7731.0,201604,7755.0,-24.0,-0.3094777562862669
대산면,7689.0,201605,7731.0,-42.0,-0.543267365153279
대산면,7714.0,201606,7689.0,25.0,0.3251398101183509
대산면,7699.0,201607,7714.0,-15.0,-0.1944516463572725
대산면,7658.0,201608,7699.0,-41.0,-0.532536693077023
대산면,7624.0,201609,7658.0,-34.0,-0.4439801514755811
대산면,7647.0,201610,7624.0,23.0,0.3016789087093389
대산면,7668.0,201611,7647.0,21.0,0.2746174970576697
대산면,7680.0,201612,7668.0,12.0,0.1564945226917058
대산면,7644.0,201701,7680.0,-36.0,-0.46875
대산면,7592.0,201702,7644.0,-52.0,-0.6802721088435374
대산면,7578.0,201703,7592.0,-14.0,-0.18440463645943098
대산면,7597.0,201704,7578.0,19.0,0.2507257851675904
대산면,7573.0,201705,7597.0,-24.0,-0.3159141766486771
대산면,7551.0,201706,7573.0,-22.0,-0.29050574409084906
대산면,7540.0,201707,7551.0,-11.0,-0.14567606939478214
대산면,7491.0,201708,7540.0,-49.0,-0.649867374005305
대산면,7479.0,201709,7491.0,-12.0,-0.16019223067681218
대산면,7466.0,201710,7479.0,-13.0,-0.1738200294156973
대산면,7467.0,201711,7466.0,1.0,0.013394053040450042
대산면,7439.0,201712,7467.0,-28.0,-0.37498325967590734
대산면,7399.0,201801,7439.0,-40.0,-0.5377066810055114
대산면,7350.0,201802,7399.0,-49.0,-0.6622516556291391
대산면,7295.0,201803,7350.0,-55.0,-0.7482993197278911
대산면,7276.0,201804,7295.0,-19.0,-0.26045236463331045
대산면,7261.0,201805,7276.0,-15.0,-0.2061572292468389
대산면,7243.0,201806,7261.0,-18.0,-0.24789973832805398
대산면,7223.0,201807,7243.0,-20.0,-0.2761286759629988
대산면,7245.0,201808,7223.0,22.0,0.3045825834140939
대산면,7287.0,201809,7245.0,42.0,0.5797101449275363
대산면,7288.0,201810,7287.0,1.0,0.013723068478111704
대산면,7292.0,201811,7288.0,4.0,0.054884742041712405
대산면,7319.0,201812,7292.0,27.0,0.3702687877125617
대산면,7492.0,201901,7319.0,173.0,2.363710889465774
대산면,7709.0,201902,7492.0,217.0,2.8964228510411103
대산면,7812.0,201903,7709.0,103.0,1.3361006615644053
대산면,7858.0,201904,7812.0,46.0,0.5888376856118792
대산면,7840.0,201905,7858.0,-18.0,-0.22906592008144566
대산면,7829.0,201906,7840.0,-11.0,-0.14030612244897958
대산면,7832.0,201907,7829.0,3.0,0.038319070123898326
대산면,7462.0,201908,7832.0,-370.0,-4.724208375893769
대산면,7804.0,201909,7462.0,342.0,4.583221656392388
대산면,7767.0,201910,7804.0,-37.0,-0.47411583803177854
대산면,7766.0,201911,7767.0,-1.0,-0.012874983906270118
대산면,7754.0,201912,7766.0,-12.0,-0.1545197012619109
대산면,7755.0,202001,7754.0,1.0,0.012896569512509674
대산면,7738.0,202002,7755.0,-17.0,-0.2192134107027724
대산면,7716.0,202003,7738.0,-22.0,-0.2843111915223572
대산면,7716.0,202004,7716.0,0.0,0.0
대산면,7673.0,202005,7716.0,-43.0,-0.5572835666148264
대산면,7675.0,202006,7673.0,2.0,0.026065424214779094
대산면,7631.0,202007,7675.0,-44.0,-0.5732899022801303
대산면,7588.0,202008,7631.0,-43.0,-0.5634910234569519
대산면,7547.0,202009,7588.0,-41.0,-0.540326831839747
대산면,7538.0,202010,7547.0,-9.0,-0.11925268318537167
대산면,7534.0,202011,7538.0,-4.0,-0.05306447333510214
대산면,7529.0,202012,7534.0,-5.0,-0.06636580833554552
대산면,7514.0,202101,7529.0,-15.0,-0.19922964537123122
대산면,7505.0,202102,7514.0,-9.0,-0.11977641735427201
대산면,7465.0,202103,7505.0,-40.0,-0.5329780146568954
대산면,7436.0,202104,7465.0,-29.0,-0.3884795713328868
대산면,7433.0,202105,7436.0,-3.0,-0.04034427111350188
대산면,7431.0,202106,7433.0,-2.0,-0.02690703618996368
대산면,7459.0,202107,7431.0,28.0,0.3767998923428879
대산면,7444.0,202108,7459.0,-15.0,-0.2010993430754793
대산면,7432.0,202109,7444.0,-12.0,-0.16120365394948952
대산면,7426.0,202110,7432.0,-6.0,-0.08073196986006459
대산면,7409.0,202111,7426.0,-17.0,-0.22892539725289526
대산면,7425.0,202112,7409.0,16.0,0.2159535699824538
대산면,7426.0,202201,7425.0,1.0,0.013468013468013467
대산면,7421.0,202202,7426.0,-5.0,-0.06733099919202801
대산면,7409.0,202203,7421.0,-12.0,-0.16170327449130845
대산면,7401.0,202204,7409.0,-8.0,-0.1079767849912269
대산면,7388.0,202205,7401.0,-13.0,-0.175651938927172
대산면,7389.0,202206,7388.0,1.0,0.01353546291283162
대산면,7380.0,202207,7389.0,-9.0,-0.12180267965895249
대산면,7357.0,202208,7380.0,-23.0,-0.31165311653116534
대산면,7349.0,202209,7357.0,-8.0,-0.1087399755335055
대산면,7352.0,202210,7349.0,3.0,0.04082188052796299
대산면,7341.0,202211,7352.0,-11.0,-0.14961915125136016
대산면,7329.0,202212,7341.0,-12.0,-0.1634654679199019
대산면,7323.0,202301,7329.0,-6.0,-0.08186655751125665
대산면,7299.0,202302,7323.0,-24.0,-0.3277345350266284
대산면,7311.0,202303,7299.0,12.0,0.16440608302507193
대산면,7306.0,202304,7311.0,-5.0,-0.0683900971139379
대산면,7317.0,202305,7306.0,11.0,0.15056118258965234
대산면,7285.0,202306,7317.0,-32.0,-0.4373377067104004
대산면,7278.0,202307,7285.0,-7.0,-0.09608785175017158
대산면,7285.0,202308,7278.0,7.0,0.09618026930475405
대산면,7285.0,202309,7285.0,0.0,0.0
대산면,7280.0,202310,7285.0,-5.0,-0.06863417982155114
대산면,7261.0,202311,7280.0,-19.0,-0.26098901098901095
대산면,7262.0,202312,7261.0,1.0,0.01377220768489189
대산면,7265.0,202401,7262.0,3.0,0.04131093362709997
대산면,7248.0,202402,7265.0,-17.0,-0.2339986235375086
대산면,7253.0,202403,7248.0,5.0,0.06898454746136866
대산면,7233.0,202404,7253.0,-20.0,-0.2757479663587481
대산면,7230.0,202405,7233.0,-3.0,-0.04147656574035669
대산면,7223.0,202406,7230.0,-7.0,-0.09681881051175657
대산면,7217.0,202407,7223.0,-6.0,-0.08306797729475288
대산면,7202.0,202408,7217.0,-15.0,-0.20784259387557155
대산면,7205.0,202409,7202.0,3.0,0.04165509580672035
대산면,7187.0,202410,7205.0,-18.0,-0.24982650936849407
대산면,7155.0,202411,7187.0,-32.0,-0.4452483651036594
대산면,7174.0,202412,7155.0,19.0,0.2655485674353599
대산면,7179.0,202501,7174.0,5.0,0.0696961248954558
대산면,7166.0,202502,7179.0,-13.0,-0.1810837163950411
대산면,7144.0,202503,7166.0,-22.0,-0.30700530281886684
대산면,7140.0,202504,7144.0,-4.0,-0.055991041433370664
대산면,7149.0,202505,7140.0,9.0,0.12605042016806722
대산면,7116.0,202506,7149.0,-33.0,-0.46160302140159465
대산면,7070.0,202507,7116.0,-46.0,-0.6464305789769533
대산면,7059.0,202508,7070.0,-11.0,-0.15558698727015557
동읍,23722.0,201501,,,
동읍,23692.0,201502,23722.0,-30.0,-0.12646488491695473
동읍,23703.0,201503,23692.0,11.0,0.046429174404862404
동읍,23687.0,201504,23703.0,-16.0,-0.06750200396574273
동읍,23675.0,201505,23687.0,-12.0,-0.05066069996200448
동읍,23608.0,201506,23675.0,-67.0,-0.2829989440337909
동읍,23506.0,201507,23608.0,-102.0,-0.4320569298542866
동읍,23377.0,201508,23506.0,-129.0,-0.5487960520718115
동읍,23402.0,201509,23377.0,25.0,0.10694272147837619
동읍,23373.0,201510,23402.0,-29.0,-0.12392103239039398
동읍,23340.0,201511,23373.0,-33.0,-0.14118855089205495
동읍,23282.0,201512,23340.0,-58.0,-0.24850042844901457
동읍,23293.0,201601,23282.0,11.0,0.04724680010308393
동읍,23209.0,201602,23293.0,-84.0,-0.36062336324217575
동읍,23189.0,201603,23209.0,-20.0,-0.08617346718945237
동읍,23196.0,201604,23189.0,7.0,0.03018672646513433
동읍,23215.0,201605,23196.0,19.0,0.08191067425418175
동읍,23178.0,201606,23215.0,-37.0,-0.15937971139349558
동읍,23194.0,201607,23178.0,16.0,0.06903097765122099
동읍,23183.0,201608,23194.0,-11.0,-0.04742605846339571
동읍,23175.0,201609,23183.0,-8.0,-0.03450804468791787
동읍,23209.0,201610,23175.0,34.0,0.14670981661272922
동읍,23153.0,201611,23209.0,-56.0,-0.24128570813046663
동읍,23152.0,201612,23153.0,-1.0,-0.00431909471774716
동읍,23194.0,201701,23152.0,42.0,0.18140981340704906
동읍,23161.0,201702,23194.0,-33.0,-0.1422781753901871
동읍,23181.0,201703,23161.0,20.0,0.08635205733776606
동읍,23148.0,201704,23181.0,-33.0,-0.1423579655752556
동읍,23108.0,201705,23148.0,-40.0,-0.17280110592707792
동읍,23028.0,201706,23108.0,-80.0,-0.3462004500605851
동읍,22889.0,201707,23028.0,-139.0,-0.6036129928782352
동읍,22796.0,201708,22889.0,-93.0,-0.4063087072392852
동읍,22724.0,201709,22796.0,-72.0,-0.3158448850675557
동읍,22683.0,201710,22724.0,-41.0,-0.18042598134131316
동읍,22611.0,201711,22683.0,-72.0,-0.31741833090861
동읍,22577.0,201712,22611.0,-34.0,-0.15036928928397683
동읍,22555.0,201801,22577.0,-22.0,-0.09744430172299243
동읍,22529.0,201802,22555.0,-26.0,-0.11527377521613834
동읍,22483.0,201803,22529.0,-46.0,-0.20418127746460119
동읍,22437.0,201804,22483.0,-46.0,-0.20459903037850818
동읍,22379.0,201805,22437.0,-58.0,-0.25850158220796005
동읍,22365.0,201806,22379.0,-14.0,-0.06255864873318737
동읍,22239.0,201807,22365.0,-126.0,-0.5633802816901409
동읍,22148.0,201808,22239.0,-91.0,-0.4091910607491344
동읍,22082.0,201809,22148.0,-66.0,-0.29799530431641685
동읍,22054.0,201810,22082.0,-28.0,-0.12680010868580746
동읍,21952.0,201811,22054.0,-102.0,-0.46250113358120976
동읍,21901.0,201812,21952.0,-51.0,-0.23232507288629736
동읍,21748.0,201901,21901.0,-153.0,-0.6985982375234008
동읍,21657.0,201902,21748.0,-91.0,-0.4184292808534118
동읍,21519.0,201903,21657.0,-138.0,-0.6372073694417509
동읍,21399.0,201904,21519.0,-120.0,-0.5576467307960407
동읍,21347.0,201905,21399.0,-52.0,-0.24300200943969344
동읍,21296.0,201906,21347.0,-51.0,-0.23890944863446856
동읍,21212.0,201907,21296.0,-84.0,-0.39444027047332836
동읍,20946.0,201908,21212.0,-266.0,-1.2540071657552327
동읍,21102.0,201909,20946.0,156.0,0.7447722715554282
동읍,21086.0,201910,21102.0,-16.0,-0.07582219694815658
동읍,21048.0,201911,21086.0,-38.0,-0.18021436023902115
동읍,21003.0,201912,21048.0,-45.0,-0.21379703534777653
동읍,20943.0,202001,21003.0,-60.0,-0.28567347521782605
동읍,20843.0,202002,20943.0,-100.0,-0.4774865110060641
동읍,20744.0,202003,20843.0,-99.0,-0.47497960946121
동읍,20674.0,202004,20744.0,-70.0,-0.3374469726185885
동읍,20606.0,202005,20674.0,-68.0,-0.3289155460965464
동읍,20539.0,202006,20606.0,-67.0,-0.32514801514122105
동읍,20512.0,202007,20539.0,-27.0,-0.13145722771313112
동읍,20442.0,202008,20512.0,-70.0,-0.34126365054602187
동읍,20369.0,202009,20442.0,-73.0,-0.3571079150768027
동읍,20341.0,202010,20369.0,-28.0,-0.1374637930188031
동읍,20296.0,202011,20341.0,-45.0,-0.2212280615505629
동읍,20227.0,202012,20296.0,-69.0,-0.33996846669294445
동읍,20176.0,202101,20227.0,-51.0,-0.25213823107727296
동읍,20090.0,202102,20176.0,-86.0,-0.4262490087232355
동읍,20061.0,202103,20090.0,-29.0,-0.1443504230960677
동읍,20048.0,202104,20061.0,-13.0,-0.06480235282388715
동읍,20040.0,202105,20048.0,-8.0,-0.03990422984836393
동읍,19993.0,202106,20040.0,-47.0,-0.2345309381237525
동읍,19977.0,202107,19993.0,-16.0,-0.0800280098034312
동읍,19936.0,202108,19977.0,-41.0,-0.20523602142463832
동읍,19965.0,202109,19936.0,29.0,0.14546548956661318
동읍,19917.0,202110,19965.0,-48.0,-0.2404207362885049
동읍,19966.0,202111,19917.0,49.0,0.2460209870964503
동읍,19934.0,202112,19966.0,-32.0,-0.1602724631874186
동읍,19919.0,202201,19934.0,-15.0,-0.07524831945419887
동읍,19852.0,202202,19919.0,-67.0,-0.33636226718208745
동읍,19791.0,202203,19852.0,-61.0,-0.307273826314729
동읍,19777.0,202204,19791.0,-14.0,-0.07073922490020716
동읍,19749.0,202205,19777.0,-28.0,-0.14157860140567327
동읍,19742.0,202206,19749.0,-7.0,-0.03544483264975442
동읍,19756.0,202207,19742.0,14.0,0.0709148009320231
동읍,19689.0,202208,19756.0,-67.0,-0.33913747722210974
동읍,19691.0,202209,19689.0,2.0,0.010157956219208696
동읍,19672.0,202210,19691.0,-19.0,-0.09649078259103144
동읍,19631.0,202211,19672.0,-41.0,-0.20841805612037412
동읍,19548.0,202212,19631.0,-83.0,-0.4228006724058886
동읍,19489.0,202301,19548.0,-59.0,-0.3018211581747493
동읍,19429.0,202302,19489.0,-60.0,-0.3078659756785879
동읍,19373.0,202303,19429.0,-56.0,-0.288228936126409
동읍,19354.0,202304,19373.0,-19.0,-0.09807463996283486
동읍,19299.0,202305,19354.0,-55.0,-0.28417898108918055
동읍,19245.0,202306,19299.0,-54.0,-0.2798072438986476
동읍,19213.0,202307,19245.0,-32.0,-0.1662769550532606
동읍,19194.0,202308,19213.0,-19.0,-0.09889137563108312
동읍,19164.0,202309,19194.0,-30.0,-0.15629884338855893
동읍,19128.0,202310,19164.0,-36.0,-0.18785222291797118
동읍,19112.0,202311,19128.0,-16.0,-0.0836470096194061
동읍,19072.0,202312,19112.0,-40.0,-0.2092925910422771
동읍,19032.0,202401,19072.0,-40.0,-0.20973154362416108
동읍,18994.0,202402,19032.0,-38.0,-0.1996637242538882
동읍,18952.0,202403,18994.0,-42.0,-0.22112245972412342
동읍,18904.0,202404,18952.0,-48.0,-0.2532714225411566
동읍,18862.0,202405,18904.0,-42.0,-0.22217520101565805
동읍,18796.0,202406,18862.0,-66.0,-0.3499098716997137
동읍,18745.0,202407,18796.0,-51.0,-0.27133432645243666
동읍,18651.0,202408,18745.0,-94.0,-0.5014670578821019
동읍,18588.0,202409,18651.0,-63.0,-0.33778349686343895
동읍,18585.0,202410,18588.0,-3.0,-0.01613944480309877
동읍,18532.0,202411,18585.0,-53.0,-0.2851762173796072
동읍,18519.0,202412,18532.0,-13.0,-0.07014893157781135
동읍,18487.0,202501,18519.0,-32.0,-0.17279550731680976
동읍,18433.0,202502,18487.0,-54.0,-0.2920971493481906
동읍,18499.0,202503,18433.0,66.0,0.35805349102153744
동읍,18564.0,202504,18499.0,65.0,0.35137034434293746
동읍,18589.0,202505,18564.0,25.0,0.13466925231631113
동읍,18589.0,202506,18589.0,0.0,0.0
동읍,18608.0,202507,18589.0,19.0,0.10221098499112377
동읍,18652.0,202508,18608.0,44.0,0.23645743766122096
명곡동,53886.0,201501,,,
명곡동,53680.0,201502,53886.0,-206.0,-0.38228853505548754
명곡동,53592.0,201503,53680.0,-88.0,-0.16393442622950818
명곡동,53579.0,201504,53592.0,-13.0,-0.02425735184355874
명곡동,53640.0,201505,53579.0,61.0,0.11385057578528902
명곡동,53618.0,201506,53640.0,-22.0,-0.041014168530947054
명곡동,53460.0,201507,53618.0,-158.0,-0.29467716065500393
명곡동,53378.0,201508,53460.0,-82.0,-0.1533857089412645
명곡동,53335.0,201509,53378.0,-43.0,-0.08055753306605717
명곡동,53249.0,201510,53335.0,-86.0,-0.16124496109496578
명곡동,53166.0,201511,53249.0,-83.0,-0.155871471764728
명곡동,53012.0,201512,53166.0,-154.0,-0.289658804499116
명곡동,52944.0,201601,53012.0,-68.0,-0.12827284388440352
명곡동,52767.0,201602,52944.0,-177.0,-0.3343155031731641
명곡동,52644.0,201603,52767.0,-123.0,-0.2331002331002331
명곡동,52533.0,201604,52644.0,-111.0,-0.21085023934351493
명곡동,52422.0,201605,52533.0,-111.0,-0.21129575695277253
명곡동,52453.0,201606,52422.0,31.0,0.05913547747129068
명곡동,52339.0,201607,52453.0,-114.0,-0.2173374258860313
명곡동,52263.0,201608,52339.0,-76.0,-0.14520720686295113
명곡동,52228.0,201609,52263.0,-35.0,-0.06696898379350592
명곡동,52181.0,201610,52228.0,-47.0,-0.08999004365474458
명곡동,52020.0,201611,52181.0,-161.0,-0.3085414231233591
명곡동,51814.0,201612,52020.0,-206.0,-0.39600153787005
명곡동,51702.0,201701,51814.0,-112.0,-0.21615779519048905
명곡동,51511.0,201702,51702.0,-191.0,-0.369424780472709
명곡동,51308.0,201703,51511.0,-203.0,-0.39409058259400903
명곡동,51175.0,201704,51308.0,-133.0,-0.25921883526935374
명곡동,50946.0,201705,51175.0,-229.0,-0.4474841231069858
명곡동,50724.0,201706,50946.0,-222.0,-0.4357555058297021
명곡동,50555.0,201707,50724.0,-169.0,-0.33317561706490023
명곡동,50352.0,201708,50555.0,-203.0,-0.4015428740975176
명곡동,50241.0,201709,50352.0,-111.0,-0.22044804575786464
명곡동,50085.0,201710,50241.0,-156.0,-0.31050337373858006
명곡동,49963.0,201711,50085.0,-122.0,-0.24358590396326246
명곡동,49727.0,201712,49963.0,-236.0,-0.47234953865860735
명곡동,49506.0,201801,49727.0,-221.0,-0.44442656906710637
명곡동,49380.0,201802,49506.0,-126.0,-0.254514604290389
명곡동,49180.0,201803,49380.0,-200.0,-0.4050222762251924
명곡동,48973.0,201804,49180.0,-207.0,-0.42090280601870683
명곡동,48799.0,201805,48973.0,-174.0,-0.35529781716456005
명곡동,48684.0,201806,48799.0,-115.0,-0.23566056681489375
명곡동,48453.0,201807,48684.0,-231.0,-0.47448853832881444
명곡동,48269.0,201808,48453.0,-184.0,-0.37974944791860155
명곡동,48104.0,201809,48269.0,-165.0,-0.34183430359029604
명곡동,47974.0,201810,48104.0,-130.0,-0.2702477964410444
명곡동,47907.0,201811,47974.0,-67.0,-0.13965898194855547
명곡동,47774.0,201812,47907.0,-133.0,-0.2776212244557163
명곡동,47374.0,201901,47774.0,-400.0,-0.8372755055050864
명곡동,47217.0,201902,47374.0,-157.0,-0.33140541225144593
명곡동,47011.0,201903,47217.0,-206.0,-0.43628354194463853
명곡동,46849.0,201904,47011.0,-162.0,-0.34460019995320246
명곡동,46683.0,201905,46849.0,-166.0,-0.3543298683002839
명곡동,46543.0,201906,46683.0,-140.0,-0.299895036737142
명곡동,46313.0,201907,46543.0,-230.0,-0.4941666845712567
명곡동,45379.0,201908,46313.0,-934.0,-2.0167123701768404
명곡동,45860.0,201909,45379.0,481.0,1.0599616562727252
명곡동,45580.0,201910,45860.0,-280.0,-0.6105538595726123
명곡동,45471.0,201911,45580.0,-109.0,-0.23913997367266343
명곡동,45335.0,201912,45471.0,-136.0,-0.2990917287941765
명곡동,44926.0,202001,45335.0,-409.0,-0.902172714238447
명곡동,44534.0,202002,44926.0,-392.0,-0.8725459644749143
명곡동,44321.0,202003,44534.0,-213.0,-0.47828625319980245
명곡동,44149.0,202004,44321.0,-172.0,-0.3880778863292796
명곡동,44034.0,202005,44149.0,-115.0,-0.2604815511110104
명곡동,43898.0,202006,44034.0,-136.0,-0.30885225053367854
명곡동,43772.0,202007,43898.0,-126.0,-0.2870290218233177
명곡동,43705.0,202008,43772.0,-67.0,-0.15306588686831765
명곡동,43512.0,202009,43705.0,-193.0,-0.4415970712733097
명곡동,43354.0,202010,43512.0,-158.0,-0.36311822026107743
명곡동,43185.0,202011,43354.0,-169.0,-0.38981408866540573
명곡동,42999.0,202012,43185.0,-186.0,-0.4307051059395623
명곡동,42829.0,202101,42999.0,-170.0,-0.3953580315821298
명곡동,42679.0,202102,42829.0,-150.0,-0.350229984356394
명곡동,42548.0,202103,42679.0,-131.0,-0.30694252442653297
명곡동,42419.0,202104,42548.0,-129.0,-0.30318698881263517
명곡동,42274.0,202105,42419.0,-145.0,-0.34182795445437186
명곡동,42248.0,202106,42274.0,-26.0,-0.06150352462506505
명곡동,42153.0,202107,42248.0,-95.0,-0.2248627153948116
명곡동,42106.0,202108,42153.0,-47.0,-0.11149858847531612
명곡동,42093.0,202109,42106.0,-13.0,-0.030874459696955302
명곡동,42095.0,202110,42093.0,2.0,0.004751383840543558
명곡동,42055.0,202111,42095.0,-40.0,-0.09502316189571207
명곡동,41969.0,202112,42055.0,-86.0,-0.2044941148496017
명곡동,41886.0,202201,41969.0,-83.0,-0.197765017036384
명곡동,41831.0,202202,41886.0,-55.0,-0.1313087905266676
명곡동,41732.0,202203,41831.0,-99.0,-0.23666658698094714
명곡동,41640.0,202204,41732.0,-92.0,-0.2204543276143008
명곡동,41647.0,202205,41640.0,7.0,0.01681075888568684
명곡동,41607.0,202206,41647.0,-40.0,-0.09604533339736356
명곡동,41819.0,202207,41607.0,212.0,0.5095296464537217
명곡동,41471.0,202208,41819.0,-348.0,-0.8321576316985102
명곡동,41388.0,202209,41471.0,-83.0,-0.2001398567673796
명곡동,41341.0,202210,41388.0,-47.0,-0.11355948584130665
명곡동,41324.0,202211,41341.0,-17.0,-0.0411214049007039
명곡동,41234.0,202212,41324.0,-90.0,-0.2177911141225438
명곡동,41232.0,202301,41234.0,-2.0,-0.0048503662026483
명곡동,41136.0,202302,41232.0,-96.0,-0.23282887077997672
명곡동,41054.0,202303,41136.0,-82.0,-0.19933877868533642
명곡동,40963.0,202304,41054.0,-91.0,-0.22165927802406588
명곡동,40858.0,202305,40963.0,-105.0,-0.25632888216195104
명곡동,40816.0,202306,40858.0,-42.0,-0.10279504625777082
명곡동,40764.0,202307,40816.0,-52.0,-0.12740101920815367
명곡동,40675.0,202308,40764.0,-89.0,-0.2183298989304288
명곡동,40630.0,202309,40675.0,-45.0,-0.11063306699446834
명곡동,40504.0,202310,40630.0,-126.0,-0.3101156780703913
명곡동,40432.0,202311,40504.0,-72.0,-0.17776022121271973
명곡동,40588.0,202312,40432.0,156.0,0.3858330035615354
명곡동,40457.0,202401,40588.0,-131.0,-0.3227554942347492
명곡동,40357.0,202402,40457.0,-100.0,-0.2471760140395976
명곡동,40278.0,202403,40357.0,-79.0,-0.19575290532001882
명곡동,40225.0,202404,40278.0,-53.0,-0.13158548090769154
명곡동,40126.0,202405,40225.0,-99.0,-0.24611559975139838
명곡동,39949.0,202406,40126.0,-177.0,-0.4411105019189553
명곡동,39820.0,202407,39949.0,-129.0,-0.32291171243335254
명곡동,39727.0,202408,39820.0,-93.0,-0.233550979407333
명곡동,39654.0,202409,39727.0,-73.0,-0.1837541218818436
명곡동,39572.0,202410,39654.0,-82.0,-0.20678872244918545
명곡동,39991.0,202411,39572.0,419.0,1.058829475386637
명곡동,40166.0,202412,39991.0,175.0,0.437598459653422
명곡동,40187.0,202501,40166.0,21.0,0.05228302544440572
명곡동,40045.0,202502,40187.0,-142.0,-0.35334809764351655
명곡동,39903.0,202503,40045.0,-142.0,-0.354601073791984
명곡동,39865.0,202504,39903.0,-38.0,-0.09523093501741724
명곡동,39796.0,202505,39865.0,-69.0,-0.17308415903674904
명곡동,39701.0,202506,39796.0,-95.0,-0.23871745904110964
명곡동,39628.0,202507,39701.0,-73.0,-0.18387446160046347
명곡동,39659.0,202508,39628.0,31.0,0.07822751589785001
봉림동,38198.0,201501,,,
봉림동,38097.0,201502,38198.0,-101.0,-0.26441174930624645
봉림동,37973.0,201503,38097.0,-124.0,-0.32548494632123265
봉림동,38010.0,201504,37973.0,37.0,0.09743765306928608
봉림동,38079.0,201505,38010.0,69.0,0.18153117600631413
봉림동,38062.0,201506,38079.0,-17.0,-0.04464402951758187
봉림동,37964.0,201507,38062.0,-98.0,-0.25747464662918396
봉림동,37849.0,201508,37964.0,-115.0,-0.30291855441997684
봉림동,37899.0,201509,37849.0,50.0,0.13210388649634072
봉림동,37850.0,201510,37899.0,-49.0,-0.1292910103168949
봉림동,37697.0,201511,37850.0,-153.0,-0.4042272126816381
봉림동,37619.0,201512,37697.0,-78.0,-0.206913016950951
봉림동,37484.0,201601,37619.0,-135.0,-0.3588612137483718
봉림동,37426.0,201602,37484.0,-58.0,-0.15473268594600362
봉림동,37342.0,201603,37426.0,-84.0,-0.22444290065729705
봉림동,37244.0,201604,37342.0,-98.0,-0.26243907664292215
봉림동,37204.0,201605,37244.0,-40.0,-0.1073998496402105
봉림동,37116.0,201606,37204.0,-88.0,-0.23653370605311255
봉림동,37074.0,201607,37116.0,-42.0,-0.11315874555447786
봉림동,37047.0,201608,37074.0,-27.0,-0.07282731833630036
봉림동,37019.0,201609,37047.0,-28.0,-0.07557966906902043
봉림동,36960.0,201610,37019.0,-59.0,-0.15937761689943003
봉림동,36917.0,201611,36960.0,-43.0,-0.11634199134199134
봉림동,36844.0,201612,36917.0,-73.0,-0.19774087818620148
봉림동,36700.0,201701,36844.0,-144.0,-0.39083704266637714
봉림동,36573.0,201702,36700.0,-127.0,-0.3460490463215259
봉림동,36434.0,201703,36573.0,-139.0,-0.38006179421977965
봉림동,36303.0,201704,36434.0,-131.0,-0.3595542625020585
봉림동,35986.0,201705,36303.0,-317.0,-0.8732060711235987
봉림동,35704.0,201706,35986.0,-282.0,-0.7836380814761296
봉림동,35505.0,201707,35704.0,-199.0,-0.5573605198297109
봉림동,35333.0,201708,35505.0,-172.0,-0.48443881143500916
봉림동,35218.0,201709,35333.0,-115.0,-0.3254747686298928
봉림동,35092.0,201710,35218.0,-126.0,-0.35777159407121356
봉림동,35000.0,201711,35092.0,-92.0,-0.2621680155021088
봉림동,34762.0,201712,35000.0,-238.0,-0.6799999999999999
봉림동,34611.0,201801,34762.0,-151.0,-0.4343823715551465
봉림동,34454.0,201802,34611.0,-157.0,-0.4536130132038947
봉림동,34329.0,201803,34454.0,-125.0,-0.3628025773495095
봉림동,34147.0,201804,34329.0,-182.0,-0.5301640012817151
봉림동,33941.0,201805,34147.0,-206.0,-0.6032740797141769
봉림동,33828.0,201806,33941.0,-113.0,-0.33293067381632835
봉림동,33667.0,201807,33828.0,-161.0,-0.4759370935319853
봉림동,33521.0,201808,33667.0,-146.0,-0.43365907268244874
봉림동,33539.0,201809,33521.0,18.0,0.053697682050058176
봉림동,33423.0,201810,33539.0,-116.0,-0.34586600673842394
봉림동,33422.0,201811,33423.0,-1.0,-0.0029919516500613347
봉림동,33289.0,201812,33422.0,-133.0,-0.3979414756747053
봉림동,33027.0,201901,33289.0,-262.0,-0.7870467722070353
봉림동,32868.0,201902,33027.0,-159.0,-0.48142428921791264
봉림동,32745.0,201903,32868.0,-123.0,-0.3742241694048923
봉림동,32564.0,201904,32745.0,-181.0,-0.5527561459764849
봉림동,32544.0,201905,32564.0,-20.0,-0.06141751627564181
봉림동,32445.0,201906,32544.0,-99.0,-0.30420353982300885
봉림동,32252.0,201907,32445.0,-193.0,-0.5948528278625366
봉림동,31576.0,201908,32252.0,-676.0,-2.0959940468808136
봉림동,32177.0,201909,31576.0,601.0,1.9033443121357994
봉림동,32053.0,201910,32177.0,-124.0,-0.3853684308667682
봉림동,32023.0,201911,32053.0,-30.0,-0.09359498330889464
봉림동,31890.0,201912,32023.0,-133.0,-0.4153264840895606
봉림동,31767.0,202001,31890.0,-123.0,-0.3857008466603951
봉림동,31580.0,202002,31767.0,-187.0,-0.5886611892844776
봉림동,31560.0,202003,31580.0,-20.0,-0.06333122229259025
봉림동,31471.0,202004,31560.0,-89.0,-0.28200253485424587
봉림동,31327.0,202005,31471.0,-144.0,-0.4575641066378571
봉림동,31211.0,202006,31327.0,-116.0,-0.3702876113256935
봉림동,31163.0,202007,31211.0,-48.0,-0.15379193233154975
봉림동,31114.0,202008,31163.0,-49.0,-0.15723774989570966
봉림동,31072.0,202009,31114.0,-42.0,-0.13498746544963683
봉림동,30963.0,202010,31072.0,-109.0,-0.35079814624098865
봉림동,30881.0,202011,30963.0,-82.0,-0.2648322191002164
봉림동,30860.0,202012,30881.0,-21.0,-0.06800297917813541
봉림동,30787.0,202101,30860.0,-73.0,-0.23655217109526896
봉림동,30743.0,202102,30787.0,-44.0,-0.14291746516386786
봉림동,30781.0,202103,30743.0,38.0,0.12360537358097778
봉림동,30749.0,202104,30781.0,-32.0,-0.10396023521003217
봉림동,30675.0,202105,30749.0,-74.0,-0.24065823278805817
봉림동,30682.0,202106,30675.0,7.0,0.022819885900570495
봉림동,30642.0,202107,30682.0,-40.0,-0.13036959780979074
봉림동,30623.0,202108,30642.0,-19.0,-0.062006396449317935
봉림동,30691.0,202109,30623.0,68.0,0.2220553178983117
봉림동,30667.0,202110,30691.0,-24.0,-0.07819882050112412
봉림동,30626.0,202111,30667.0,-41.0,-0.13369419897609808
봉림동,30643.0,202112,30626.0,17.0,0.05550839156272449
봉림동,30634.0,202201,30643.0,-9.0,-0.02937049244525667
봉림동,30678.0,202202,30634.0,44.0,0.14363125938499707
봉림동,30815.0,202203,30678.0,137.0,0.44657409218332356
봉림동,30755.0,202204,30815.0,-60.0,-0.19471036832711341
봉림동,30740.0,202205,30755.0,-15.0,-0.04877255730775484
봉림동,30750.0,202206,30740.0,10.0,0.03253090435914119
봉림동,30709.0,202207,30750.0,-41.0,-0.13333333333333333
봉림동,30721.0,202208,30709.0,12.0,0.03907649223354717
봉림동,30721.0,202209,30721.0,0.0,0.0
봉림동,30710.0,202210,30721.0,-11.0,-0.035806126102665925
봉림동,30667.0,202211,30710.0,-43.0,-0.14001953760989908
봉림동,30640.0,202212,30667.0,-27.0,-0.08804252127694265
봉림동,30611.0,202301,30640.0,-29.0,-0.09464751958224543
봉림동,30564.0,202302,30611.0,-47.0,-0.15353957727614256
봉림동,30682.0,202303,30564.0,118.0,0.38607512105745323
봉림동,30794.0,202304,30682.0,112.0,0.3650348738674141
봉림동,30811.0,202305,30794.0,17.0,0.05520555952458271
봉림동,30824.0,202306,30811.0,13.0,0.042192723378014343
봉림동,30778.0,202307,30824.0,-46.0,-0.1492343628341552
봉림동,30726.0,202308,30778.0,-52.0,-0.16895184872311392
봉림동,30804.0,202309,30726.0,78.0,0.25385666861941025
봉림동,30789.0,202310,30804.0,-15.0,-0.04869497467861317
봉림동,30761.0,202311,30789.0,-28.0,-0.09094157004124849
봉림동,30848.0,202312,30761.0,87.0,0.28282565586294334
봉림동,30751.0,202401,30848.0,-97.0,-0.31444502074688796
봉림동,30665.0,202402,30751.0,-86.0,-0.2796657019283926
봉림동,30732.0,202403,30665.0,67.0,0.21849013533344203
봉림동,30777.0,202404,30732.0,45.0,0.14642717688402968
봉림동,30724.0,202405,30777.0,-53.0,-0.17220651785424182
봉림동,30596.0,202406,30724.0,-128.0,-0.4166124202577789
봉림동,30505.0,202407,30596.0,-91.0,-0.297424499934632
봉림동,30475.0,202408,30505.0,-30.0,-0.09834453368300279
봉림동,30460.0,202409,30475.0,-15.0,-0.04922067268252667
봉림동,30378.0,202410,30460.0,-82.0,-0.26920551543007226
봉림동,30304.0,202411,30378.0,-74.0,-0.2435973401803937
봉림동,30206.0,202412,30304.0,-98.0,-0.323389651531151
봉림동,30171.0,202501,30206.0,-35.0,-0.11587101900284712
봉림동,30089.0,202502,30171.0,-82.0,-0.2717841636008087
봉림동,30113.0,202503,30089.0,24.0,0.07976336867293696
봉림동,30051.0,202504,30113.0,-62.0,-0.20589114336001063
봉림동,29931.0,202505,30051.0,-120.0,-0.3993211540381352
봉림동,29799.0,202506,29931.0,-132.0,-0.4410143329658214
봉림동,29683.0,202507,29799.0,-116.0,-0.389274807879459
봉림동,29612.0,202508,29683.0,-71.0,-0.2391941515345484
북면,24054.0,201501,,,
북면,25737.0,201502,24054.0,1683.0,6.9967572960838105
북면,27024.0,201503,25737.0,1287.0,5.000582818510316
북면,27778.0,201504,27024.0,754.0,2.790112492599171
북면,28284.0,201505,27778.0,506.0,1.8215854273165812
북면,28554.0,201506,28284.0,270.0,0.9546033092914722
북면,28756.0,201507,28554.0,202.0,0.7074315332352735
북면,28870.0,201508,28756.0,114.0,0.3964390040339407
북면,28938.0,201509,28870.0,68.0,0.23553862140630413
북면,29060.0,201510,28938.0,122.0,0.4215909876287235
북면,29052.0,201511,29060.0,-8.0,-0.02752924982794219
북면,29140.0,201512,29052.0,88.0,0.30290513561889026
북면,29137.0,201601,29140.0,-3.0,-0.01029512697323267
북면,29157.0,201602,29137.0,20.0,0.06864124652503689
북면,29217.0,201603,29157.0,60.0,0.2057824879102788
북면,29282.0,201604,29217.0,65.0,0.22247321764726014
북면,29285.0,201605,29282.0,3.0,0.01024520183047606
북면,29280.0,201606,29285.0,-5.0,-0.017073587160662457
북면,29328.0,201607,29280.0,48.0,0.16393442622950818
북면,29409.0,201608,29328.0,81.0,0.27618657937806873
북면,29428.0,201609,29409.0,19.0,0.06460607297085927
북면,29503.0,201610,29428.0,75.0,0.25485931765665354
북면,29564.0,201611,29503.0,61.0,0.2067586347151137
북면,29629.0,201612,29564.0,65.0,0.21986199431741305
북면,29700.0,201701,29629.0,71.0,0.23963009213945796
북면,30188.0,201702,29700.0,488.0,1.6430976430976432
북면,30635.0,201703,30188.0,447.0,1.480720816218365
북면,31086.0,201704,30635.0,451.0,1.4721723518850987
북면,32569.0,201705,31086.0,1483.0,4.77063629929872
북면,33695.0,201706,32569.0,1126.0,3.4572753231600606
북면,34296.0,201707,33695.0,601.0,1.7836474254340409
북면,34799.0,201708,34296.0,503.0,1.466643340331234
북면,35125.0,201709,34799.0,326.0,0.9368085289807179
북면,35370.0,201710,35125.0,245.0,0.697508896797153
북면,36034.0,201711,35370.0,664.0,1.8772971444727171
북면,36630.0,201712,36034.0,596.0,1.6539934506299605
북면,36997.0,201801,36630.0,367.0,1.0019110019110018
북면,37259.0,201802,36997.0,262.0,0.7081655269346163
북면,37670.0,201803,37259.0,411.0,1.1030891865052739
북면,38455.0,201804,37670.0,785.0,2.0838863817361295
북면,39419.0,201805,38455.0,964.0,2.506826160447276
북면,39870.0,201806,39419.0,451.0,1.1441183185773358
북면,40216.0,201807,39870.0,346.0,0.8678204163531477
북면,40463.0,201808,40216.0,247.0,0.6141834095882236
북면,40620.0,201809,40463.0,157.0,0.38800879816128314
북면,40789.0,201810,40620.0,169.0,0.4160512063023141
북면,40967.0,201811,40789.0,178.0,0.436392164554169
북면,41141.0,201812,40967.0,174.0,0.4247321014475065
북면,41841.0,201901,41141.0,700.0,1.7014656911596704
북면,42265.0,201902,41841.0,424.0,1.0133601013360103
북면,42518.0,201903,42265.0,253.0,0.5986040459008637
북면,42754.0,201904,42518.0,236.0,0.5550590338209699
북면,42854.0,201905,42754.0,100.0,0.23389624362632738
북면,42910.0,201906,42854.0,56.0,0.1306762495916367
북면,42858.0,201907,42910.0,-52.0,-0.12118387322302493
북면,42663.0,201908,42858.0,-195.0,-0.4549909001819964
북면,42964.0,201909,42663.0,301.0,0.7055293814312168
북면,42974.0,201910,42964.0,10.0,0.023275300251373244
북면,42986.0,201911,42974.0,12.0,0.027923860939172526
북면,42982.0,201912,42986.0,-4.0,-0.009305355231935979
북면,42858.0,202001,42982.0,-124.0,-0.2884928574752222
북면,42720.0,202002,42858.0,-138.0,-0.32199356012879743
북면,42780.0,202003,42720.0,60.0,0.1404494382022472
북면,42877.0,202004,42780.0,97.0,0.2267414679756896
북면,42964.0,202005,42877.0,87.0,0.20290598689273967
북면,42983.0,202006,42964.0,19.0,0.04422307047760916
북면,43107.0,202007,42983.0,124.0,0.28848614568550357
북면,43240.0,202008,43107.0,133.0,0.3085345767508757
북면,43341.0,202009,43240.0,101.0,0.2335800185013876
북면,43447.0,202010,43341.0,106.0,0.24457211416441704
북면,43530.0,202011,43447.0,83.0,0.19103735585886253
북면,43655.0,202012,43530.0,125.0,0.28715828164484264
북면,43669.0,202101,43655.0,14.0,0.03206963692589623
북면,43640.0,202102,43669.0,-29.0,-0.06640866518582976
북면,43641.0,202103,43640.0,1.0,0.00229147571035747
북면,43657.0,202104,43641.0,16.0,0.03666277124722165
북면,43662.0,202105,43657.0,5.0,0.011452917057974667
북면,43643.0,202106,43662.0,-19.0,-0.04351610095735422
북면,43651.0,202107,43643.0,8.0,0.018330545562862312
북면,43648.0,202108,43651.0,-3.0,-0.006872694783624659
북면,43627.0,202109,43648.0,-21.0,-0.04811217008797654
북면,43564.0,202110,43627.0,-63.0,-0.1444059871180691
북면,43596.0,202111,43564.0,32.0,0.07345514645119823
북면,43626.0,202112,43596.0,30.0,0.06881365262868154
북면,43563.0,202201,43626.0,-63.0,-0.14440929720808693
북면,43504.0,202202,43563.0,-59.0,-0.1354360351674586
북면,43401.0,202203,43504.0,-103.0,-0.23675983817579993
북면,43315.0,202204,43401.0,-86.0,-0.1981521163106841
북면,43210.0,202205,43315.0,-105.0,-0.24241025049059217
북면,43208.0,202206,43210.0,-2.0,-0.004628558204119416
북면,43222.0,202207,43208.0,14.0,0.03240140714682466
북면,43210.0,202208,43222.0,-12.0,-0.027763638887603536
북면,43210.0,202209,43210.0,0.0,0.0
북면,43223.0,202210,43210.0,13.0,0.030085628326776213
북면,43306.0,202211,43223.0,83.0,0.1920273928232654
북면,43313.0,202212,43306.0,7.0,0.016164041934143076
북면,43315.0,202301,43313.0,2.0,0.004617551312538961
북면,43314.0,202302,43315.0,-1.0,-0.002308669052291354
북면,43343.0,202303,43314.0,29.0,0.06695294823844485
북면,43389.0,202304,43343.0,46.0,0.10613017096186236
북면,43403.0,202305,43389.0,14.0,0.03226624259604969
북면,43453.0,202306,43403.0,50.0,0.11519941017901988
북면,43493.0,202307,43453.0,40.0,0.0920534830736658
북면,43528.0,202308,43493.0,35.0,0.08047271974800542
북면,43499.0,202309,43528.0,-29.0,-0.06662378239294248
북면,43458.0,202310,43499.0,-41.0,-0.09425504034575508
북면,43412.0,202311,43458.0,-46.0,-0.10584932578581618
북면,43427.0,202312,43412.0,15.0,0.03455265825117479
북면,43418.0,202401,43427.0,-9.0,-0.020724434107813113
북면,43443.0,202402,43418.0,25.0,0.05757980561057626
북면,43383.0,202403,43443.0,-60.0,-0.13811200883916858
북면,43380.0,202404,43383.0,-3.0,-0.0069151510960514485
북면,43397.0,202405,43380.0,17.0,0.039188566159520516
북면,43316.0,202406,43397.0,-81.0,-0.186648846694472
북면,43276.0,202407,43316.0,-40.0,-0.0923446301597562
북면,43316.0,202408,43276.0,40.0,0.09242998428690267
북면,43293.0,202409,43316.0,-23.0,-0.05309816234185982
북면,43262.0,202410,43293.0,-31.0,-0.07160510937102996
북면,43242.0,202411,43262.0,-20.0,-0.04622994776015903
북면,43232.0,202412,43242.0,-10.0,-0.023125664862864808
북면,43371.0,202501,43232.0,139.0,0.32152109548482605
북면,44051.0,202502,43371.0,680.0,1.5678679301837632
북면,44391.0,202503,44051.0,340.0,0.7718326485210324
북면,44510.0,202504,44391.0,119.0,0.2680723570093037
북면,44574.0,202505,44510.0,64.0,0.14378791282857784
북면,44627.0,202506,44574.0,53.0,0.11890339659891416
북면,44723.0,202507,44627.0,96.0,0.21511640934860063
북면,44786.0,202508,44723.0,63.0,0.14086711535451557
용지동,31441.0,201501,,,
용지동,31326.0,201502,31441.0,-115.0,-0.36576444769568395
용지동,31245.0,201503,31326.0,-81.0,-0.2585711549511588
용지동,31229.0,201504,31245.0,-16.0,-0.051208193310929746
용지동,31161.0,201505,31229.0,-68.0,-0.21774632553075668
용지동,31122.0,201506,31161.0,-39.0,-0.1251564455569462
용지동,31020.0,201507,31122.0,-102.0,-0.3277424330055909
용지동,31048.0,201508,31020.0,28.0,0.09026434558349451
용지동,31045.0,201509,31048.0,-3.0,-0.009662458129348106
용지동,31029.0,201510,31045.0,-16.0,-0.05153808986954422
용지동,30955.0,201511,31029.0,-74.0,-0.23848657707306067
용지동,30768.0,201512,30955.0,-187.0,-0.6041027297690196
용지동,30682.0,201601,30768.0,-86.0,-0.2795111804472179
용지동,30547.0,201602,30682.0,-135.0,-0.43999739260804377
용지동,30401.0,201603,30547.0,-146.0,-0.47795200838052837
용지동,30400.0,201604,30401.0,-1.0,-0.0032893654813986387
용지동,30294.0,201605,30400.0,-106.0,-0.3486842105263158
용지동,30241.0,201606,30294.0,-53.0,-0.17495213573644947
용지동,30187.0,201607,30241.0,-54.0,-0.1785655236268642
용지동,30072.0,201608,30187.0,-115.0,-0.38095869082717726
용지동,29983.0,201609,30072.0,-89.0,-0.2959563713753658
용지동,29948.0,201610,29983.0,-35.0,-0.11673281526198179
용지동,29883.0,201611,29948.0,-65.0,-0.21704287431548014
용지동,29783.0,201612,29883.0,-100.0,-0.33463842318375
용지동,29681.0,201701,29783.0,-102.0,-0.34247725212369473
용지동,29580.0,201702,29681.0,-101.0,-0.3402850308278023
용지동,29423.0,201703,29580.0,-157.0,-0.530764029749831
용지동,29324.0,201704,29423.0,-99.0,-0.33647146789926247
용지동,29132.0,201705,29324.0,-192.0,-0.6547537852953212
용지동,28949.0,201706,29132.0,-183.0,-0.6281752025264314
용지동,29523.0,201707,28949.0,574.0,1.9827973332412172
용지동,30120.0,201708,29523.0,597.0,2.022152220302815
용지동,30296.0,201709,30120.0,176.0,0.5843293492695883
용지동,30298.0,201710,30296.0,2.0,0.006601531555320834
용지동,30520.0,201711,30298.0,222.0,0.7327216317908773
용지동,31500.0,201712,30520.0,980.0,3.211009174311927
용지동,32183.0,201801,31500.0,683.0,2.168253968253968
용지동,32418.0,201802,32183.0,235.0,0.7301991734766802
용지동,32488.0,201803,32418.0,70.0,0.21592942192609046
용지동,32526.0,201804,32488.0,38.0,0.11696626446688009
용지동,32511.0,201805,32526.0,-15.0,-0.04611695259177274
용지동,32712.0,201806,32511.0,201.0,0.6182522838423918
용지동,32859.0,201807,32712.0,147.0,0.44937637564196625
용지동,32906.0,201808,32859.0,47.0,0.14303539365166318
용지동,32888.0,201809,32906.0,-18.0,-0.0547012702850544
용지동,32858.0,201810,32888.0,-30.0,-0.09121868158598881
용지동,32859.0,201811,32858.0,1.0,0.0030433988678556212
용지동,32851.0,201812,32859.0,-8.0,-0.024346449983261815
용지동,32668.0,201901,32851.0,-183.0,-0.557060667863992
용지동,32559.0,201902,32668.0,-109.0,-0.33365985061834214
용지동,32352.0,201903,32559.0,-207.0,-0.6357689118216161
용지동,32251.0,201904,32352.0,-101.0,-0.312190900098912
용지동,32204.0,201905,32251.0,-47.0,-0.1457319152894484
용지동,32106.0,201906,32204.0,-98.0,-0.30431002359955284
용지동,31932.0,201907,32106.0,-174.0,-0.541954774808447
용지동,31506.0,201908,31932.0,-426.0,-1.3340849304772642
용지동,31780.0,201909,31506.0,274.0,0.8696756173427282
용지동,31700.0,201910,31780.0,-80.0,-0.25173064820641916
용지동,31693.0,201911,31700.0,-7.0,-0.022082018927444793
용지동,31554.0,201912,31693.0,-139.0,-0.43858265232070176
용지동,31300.0,202001,31554.0,-254.0,-0.8049692590479811
용지동,31135.0,202002,31300.0,-165.0,-0.5271565495207668
용지동,31029.0,202003,31135.0,-106.0,-0.34045286654889995
용지동,30955.0,202004,31029.0,-74.0,-0.23848657707306067
용지동,30854.0,202005,30955.0,-101.0,-0.32628008399289293
용지동,30734.0,202006,30854.0,-120.0,-0.3889285019770532
용지동,30694.0,202007,30734.0,-40.0,-0.13014902062861977
용지동,30599.0,202008,30694.0,-95.0,-0.30950674398905326
용지동,30516.0,202009,30599.0,-83.0,-0.27125069446713945
용지동,30482.0,202010,30516.0,-34.0,-0.11141696159391794
용지동,30404.0,202011,30482.0,-78.0,-0.2558887212125189
용지동,30317.0,202012,30404.0,-87.0,-0.28614655966320224
용지동,30183.0,202101,30317.0,-134.0,-0.44199623973348284
용지동,30154.0,202102,30183.0,-29.0,-0.09608057515820163
용지동,30074.0,202103,30154.0,-80.0,-0.26530476885322013
용지동,30021.0,202104,30074.0,-53.0,-0.17623196116246592
용지동,30059.0,202105,30021.0,38.0,0.1265780620232504
용지동,29999.0,202106,30059.0,-60.0,-0.19960743870388237
의창구,262655.0,201501,,,
의창구,263452.0,201502,262655.0,797.0,0.30343987359844665
의창구,263864.0,201503,263452.0,412.0,0.15638522387379863
의창구,263677.0,201504,263864.0,-187.0,-0.0708698420398387
의창구,263453.0,201505,263677.0,-224.0,-0.08495242285068474
의창구,262724.0,201506,263453.0,-729.0,-0.2767096977449488
의창구,262013.0,201507,262724.0,-711.0,-0.2706262084925625
의창구,261724.0,201508,262013.0,-289.0,-0.11029987061710678
의창구,261818.0,201509,261724.0,94.0,0.03591569745227797
의창구,261688.0,201510,261818.0,-130.0,-0.0496528122588974
의창구,261154.0,201511,261688.0,-534.0,-0.20405979639876495
의창구,260429.0,201512,261154.0,-725.0,-0.27761397489603834
의창구,259783.0,201601,260429.0,-646.0,-0.24805225224533364
의창구,259290.0,201602,259783.0,-493.0,-0.18977377272569798
의창구,258862.0,201603,259290.0,-428.0,-0.1650661421574299
의창구,258704.0,201604,258862.0,-158.0,-0.06103638231953706
의창구,258312.0,201605,258704.0,-392.0,-0.1515245222339044
의창구,258009.0,201606,258312.0,-303.0,-0.11730000929108984
의창구,257670.0,201607,258009.0,-339.0,-0.13139076543841494
의창구,257489.0,201608,257670.0,-181.0,-0.07024488687080374
의창구,257242.0,201609,257489.0,-247.0,-0.09592642792507641
의창구,257162.0,201610,257242.0,-80.0,-0.03109912067236299
의창구,256820.0,201611,257162.0,-342.0,-0.13299009962591674
의창구,256352.0,201612,256820.0,-468.0,-0.18222879838018846
의창구,256105.0,201701,256352.0,-247.0,-0.0963518911496692
의창구,255875.0,201702,256105.0,-230.0,-0.08980691513246519
의창구,255541.0,201703,255875.0,-334.0,-0.1305324865657059
의창구,255398.0,201704,255541.0,-143.0,-0.05595970900951316
의창구,255605.0,201705,255398.0,207.0,0.0810499690678862
의창구,255625.0,201706,255605.0,20.0,0.007824573071731775
의창구,256004.0,201707,255625.0,379.0,0.1482640586797066
의창구,256334.0,201708,256004.0,330.0,0.12890423587131453
의창구,256353.0,201709,256334.0,19.0,0.007412204389585462
의창구,256154.0,201710,256353.0,-199.0,-0.07762733418372324
의창구,256521.0,201711,256154.0,367.0,0.14327318722331098
의창구,257272.0,201712,256521.0,751.0,0.29276355542041393
의창구,257685.0,201801,257272.0,413.0,0.16053048913212475
의창구,257593.0,201802,257685.0,-92.0,-0.035702504996410346
의창구,257465.0,201803,257593.0,-128.0,-0.04969079128703031
의창구,257496.0,201804,257465.0,31.0,0.012040471520400832
의창구,257731.0,201805,257496.0,235.0,0.09126355360859975
의창구,257985.0,201806,257731.0,254.0,0.09855236661480381
의창구,257813.0,201807,257985.0,-172.0,-0.06667054286101905
의창구,257385.0,201808,257813.0,-428.0,-0.16601179924984388
의창구,257166.0,201809,257385.0,-219.0,-0.08508654350486625
의창구,256831.0,201810,257166.0,-335.0,-0.13026605383293283
의창구,256805.0,201811,256831.0,-26.0,-0.010123388531758239
의창구,256703.0,201812,256805.0,-102.0,-0.03971885282607426
의창구,257642.0,201901,256703.0,939.0,0.3657923748456387
의창구,258201.0,201902,257642.0,559.0,0.2169677304166246
의창구,257976.0,201903,258201.0,-225.0,-0.08714141308515459
의창구,257778.0,201904,257976.0,-198.0,-0.07675132570471671
의창구,257631.0,201905,257778.0,-147.0,-0.057025812908781975
의창구,257695.0,201906,257631.0,64.0,0.024841731002868444
의창구,259085.0,201907,257695.0,1390.0,0.5393973495799297
의창구,256111.0,201908,259085.0,-2974.0,-1.1478858289750469
의창구,260383.0,201909,256111.0,4272.0,1.668026754024622
의창구,260793.0,201910,260383.0,410.0,0.15746035647488507
의창구,261160.0,201911,260793.0,367.0,0.14072463601400342
의창구,262246.0,201912,261160.0,1086.0,0.41583703476795836
의창구,263868.0,202001,262246.0,1622.0,0.6185032374183019
의창구,265562.0,202002,263868.0,1694.0,0.6419876604969151
의창구,265762.0,202003,265562.0,200.0,0.07531197987663897
의창구,265846.0,202004,265762.0,84.0,0.03160722751935943
의창구,266279.0,202005,265846.0,433.0,0.16287625166449748
의창구,266687.0,202006,266279.0,408.0,0.15322274756927884
의창구,266832.0,202007,266687.0,145.0,0.054370854222365546
의창구,266834.0,202008,266832.0,2.0,0.0007495352881213648
의창구,266667.0,202009,266834.0,-167.0,-0.06258572745602135
의창구,266516.0,202010,266667.0,-151.0,-0.05662492921883847
의창구,266068.0,202011,266516.0,-448.0,-0.16809497366011797
의창구,265702.0,202012,266068.0,-366.0,-0.1375588195498895
의창구,265101.0,202101,265702.0,-601.0,-0.22619325409669477
의창구,264550.0,202102,265101.0,-551.0,-0.2078453117868284
의창구,264150.0,202103,264550.0,-400.0,-0.1512001512001512
의창구,263771.0,202104,264150.0,-379.0,-0.1434790838538709
의창구,263483.0,202105,263771.0,-288.0,-0.10918561934405223
의창구,263175.0,202106,263483.0,-308.0,-0.11689558719158352
의창구,221306.0,202107,263175.0,-41869.0,-15.90918590291631
의창구,221140.0,202108,221306.0,-166.0,-0.0750092631921412
의창구,221155.0,202109,221140.0,15.0,0.006783033372524193
의창구,221026.0,202110,221155.0,-129.0,-0.058330130451493295
의창구,220929.0,202111,221026.0,-97.0,-0.04388623962791707
의창구,220828.0,202112,220929.0,-101.0,-0.04571604452109048
의창구,220624.0,202201,220828.0,-204.0,-0.0923795895448041
의창구,220413.0,202202,220624.0,-211.0,-0.09563782725360795
의창구,220119.0,202203,220413.0,-294.0,-0.1333859618080603
의창구,219765.0,202204,220119.0,-354.0,-0.16082210077276382
의창구,219569.0,202205,219765.0,-196.0,-0.08918617614269789
의창구,219408.0,202206,219569.0,-161.0,-0.07332546944240761
의창구,219637.0,202207,219408.0,229.0,0.10437176401954351
의창구,219181.0,202208,219637.0,-456.0,-0.20761529250536115
의창구,219087.0,202209,219181.0,-94.0,-0.042886929067756784
의창구,219114.0,202210,219087.0,27.0,0.012323871338783222
의창구,219143.0,202211,219114.0,29.0,0.013235119618098342
의창구,218918.0,202212,219143.0,-225.0,-0.10267268404649019
의창구,218881.0,202301,218918.0,-37.0,-0.016901305511652764
의창구,218537.0,202302,218881.0,-344.0,-0.15716302465723384
의창구,218407.0,202303,218537.0,-130.0,-0.059486494277856836
의창구,218437.0,202304,218407.0,30.0,0.013735823485510997
의창구,218270.0,202305,218437.0,-167.0,-0.0764522493899843
의창구,218211.0,202306,218270.0,-59.0,-0.027030741741879322
의창구,218034.0,202307,218211.0,-177.0,-0.08111415098230612
의창구,217825.0,202308,218034.0,-209.0,-0.0958566095196162
의창구,217694.0,202309,217825.0,-131.0,-0.06014002065878572
의창구,217364.0,202310,217694.0,-330.0,-0.15158892757724146
의창구,217159.0,202311,217364.0,-205.0,-0.09431184556780331
의창구,217416.0,202312,217159.0,257.0,0.11834646503253377
의창구,217041.0,202401,217416.0,-375.0,-0.17248040622585276
의창구,216626.0,202402,217041.0,-415.0,-0.19120811275289
의창구,216344.0,202403,216626.0,-282.0,-0.1301782796155586
의창구,216234.0,202404,216344.0,-110.0,-0.050844950634175205
의창구,215913.0,202405,216234.0,-321.0,-0.1484502899636505
의창구,215201.0,202406,215913.0,-712.0,-0.3297624506166836
의창구,214771.0,202407,215201.0,-430.0,-0.19981319789406185
의창구,214504.0,202408,214771.0,-267.0,-0.12431846012729837
의창구,214187.0,202409,214504.0,-317.0,-0.14778279192928803
의창구,213816.0,202410,214187.0,-371.0,-0.17321312684710088
의창구,213981.0,202411,213816.0,165.0,0.07716915478729375
의창구,213963.0,202412,213981.0,-18.0,-0.008411961809693384
의창구,214029.0,202501,213963.0,66.0,0.030846454760869873
의창구,214023.0,202502,214029.0,-6.0,-0.0028033584233912224
의창구,214101.0,202503,214023.0,78.0,0.0364446811791256
의창구,214046.0,202504,214101.0,-55.0,-0.025688810421249784
의창구,213745.0,202505,214046.0,-301.0,-0.14062397802341553
의창구,213437.0,202506,213745.0,-308.0,-0.14409693794006878
의창구,213260.0,202507,213437.0,-177.0,-0.08292845195537793
의창구,213156.0,202508,213260.0,-104.0,-0.048766763574978896
의창동,38665.0,201501,,,
의창동,38548.0,201502,38665.0,-117.0,-0.302599249967671
의창동,38453.0,201503,38548.0,-95.0,-0.2464459894157933
의창동,38515.0,201504,38453.0,62.0,0.16123579434634489
의창동,38545.0,201505,38515.0,30.0,0.07789173049461248
의창동,38460.0,201506,38545.0,-85.0,-0.22052146841354264
의창동,38393.0,201507,38460.0,-67.0,-0.17420696827873114
의창동,38430.0,201508,38393.0,37.0,0.09637173443075561
의창동,38467.0,201509,38430.0,37.0,0.09627894873796514
의창동,38476.0,201510,38467.0,9.0,0.02339667767177061
의창동,38506.0,201511,38476.0,30.0,0.07797068302318329
의창동,38408.0,201512,38506.0,-98.0,-0.25450579130525114
의창동,38297.0,201601,38408.0,-111.0,-0.28900229118933557
의창동,38312.0,201602,38297.0,15.0,0.039167558816617494
의창동,38296.0,201603,38312.0,-16.0,-0.04176237210273544
의창동,38377.0,201604,38296.0,81.0,0.21151034050553583
의창동,38308.0,201605,38377.0,-69.0,-0.17979518982724027
의창동,38176.0,201606,38308.0,-132.0,-0.3445755455779471
의창동,38160.0,201607,38176.0,-16.0,-0.041911148365465216
의창동,38185.0,201608,38160.0,25.0,0.06551362683438156
의창동,38145.0,201609,38185.0,-40.0,-0.10475317533062721
의창동,38160.0,201610,38145.0,15.0,0.039323633503735744
의창동,38125.0,201611,38160.0,-35.0,-0.09171907756813417
의창동,38055.0,201612,38125.0,-70.0,-0.18360655737704917
의창동,38066.0,201701,38055.0,11.0,0.028905531467612666
의창동,37977.0,201702,38066.0,-89.0,-0.23380444491146957
의창동,37779.0,201703,37977.0,-198.0,-0.5213681965400111
의창동,37694.0,201704,37779.0,-85.0,-0.22499272082373806
의창동,37476.0,201705,37694.0,-218.0,-0.5783413805910755
의창동,37381.0,201706,37476.0,-95.0,-0.25349557049845234
의창동,37223.0,201707,37381.0,-158.0,-0.42267462079666146
의창동,37121.0,201708,37223.0,-102.0,-0.27402412486903255
의창동,37034.0,201709,37121.0,-87.0,-0.23436868618841086
의창동,36941.0,201710,37034.0,-93.0,-0.25112059188853486
의창동,36770.0,201711,36941.0,-171.0,-0.4629003004791424
의창동,36591.0,201712,36770.0,-179.0,-0.4868098993744901
의창동,36488.0,201801,36591.0,-103.0,-0.2814899838758165
의창동,36408.0,201802,36488.0,-80.0,-0.21925016443762332
의창동,36325.0,201803,36408.0,-83.0,-0.22797187431333774
의창동,36132.0,201804,36325.0,-193.0,-0.5313145216792843
의창동,36030.0,201805,36132.0,-102.0,-0.282298239787446
의창동,35973.0,201806,36030.0,-57.0,-0.15820149875104078
의창동,35921.0,201807,35973.0,-52.0,-0.144552859088761
의창동,35726.0,201808,35921.0,-195.0,-0.5428579382533893
의창동,35637.0,201809,35726.0,-89.0,-0.249118289201142
의창동,35545.0,201810,35637.0,-92.0,-0.25815865533013443
의창동,35536.0,201811,35545.0,-9.0,-0.025320016880011252
의창동,35447.0,201812,35536.0,-89.0,-0.2504502476361999
의창동,35227.0,201901,35447.0,-220.0,-0.6206449064800971
의창동,35111.0,201902,35227.0,-116.0,-0.32929287194481505
의창동,34924.0,201903,35111.0,-187.0,-0.5325966221412093
의창동,34847.0,201904,34924.0,-77.0,-0.22047875386553661
의창동,34752.0,201905,34847.0,-95.0,-0.27262031164806155
의창동,35167.0,201906,34752.0,415.0,1.1941758747697975
의창동,37501.0,201907,35167.0,2334.0,6.636903915602696
의창동,38642.0,201908,37501.0,1141.0,3.042585531052505
의창동,39825.0,201909,38642.0,1183.0,3.0614357434915376
의창동,40814.0,201910,39825.0,989.0,2.4833647206528564
의창동,41332.0,201911,40814.0,518.0,1.2691723428235409
의창동,43081.0,201912,41332.0,1749.0,4.231588115745669
의창동,46127.0,202001,43081.0,3046.0,7.070402265499872
의창동,49167.0,202002,46127.0,3040.0,6.5905001409152995
의창동,50083.0,202003,49167.0,916.0,1.8630382166900563
의창동,50678.0,202004,50083.0,595.0,1.1880278737296088
의창동,50962.0,202005,50678.0,284.0,0.5604009629424997
의창동,51204.0,202006,50962.0,242.0,0.47486362387661396
의창동,51268.0,202007,51204.0,64.0,0.12499023513787985
의창동,51220.0,202008,51268.0,-48.0,-0.09362565342903956
의창동,51270.0,202009,51220.0,50.0,0.09761811792268645
의창동,51291.0,202010,51270.0,21.0,0.04095962551199532
의창동,51227.0,202011,51291.0,-64.0,-0.12477822619952818
의창동,51220.0,202012,51227.0,-7.0,-0.013664669022195328
의창동,51210.0,202101,51220.0,-10.0,-0.01952362358453729
의창동,51084.0,202102,51210.0,-126.0,-0.2460456942003515
의창동,50989.0,202103,51084.0,-95.0,-0.18596820922402318
의창동,50957.0,202104,50989.0,-32.0,-0.06275863421522289
의창동,50987.0,202105,50957.0,30.0,0.058873167572659306
의창동,50953.0,202106,50987.0,-34.0,-0.0666836644634907
의창동,50903.0,202107,50953.0,-50.0,-0.09812964889211627
의창동,50779.0,202108,50903.0,-124.0,-0.24360057364006052
의창동,50708.0,202109,50779.0,-71.0,-0.1398215797869198
의창동,50718.0,202110,50708.0,10.0,0.01972075412163761
의창동,50644.0,202111,50718.0,-74.0,-0.14590480697188377
의창동,50583.0,202112,50644.0,-61.0,-0.12044862175183634
의창동,50574.0,202201,50583.0,-9.0,-0.017792538995314633
의창동,50494.0,202202,50574.0,-80.0,-0.15818404713884604
의창동,50381.0,202203,50494.0,-113.0,-0.2237889650255476
의창동,50330.0,202204,50381.0,-51.0,-0.10122863778011552
의창동,50296.0,202205,50330.0,-34.0,-0.06755414265845419
의창동,50290.0,202206,50296.0,-6.0,-0.011929378081756006
의창동,50329.0,202207,50290.0,39.0,0.07755020878902366
의창동,50287.0,202208,50329.0,-42.0,-0.08345089312324902
의창동,50260.0,202209,50287.0,-27.0,-0.05369180901624674
의창동,50306.0,202210,50260.0,46.0,0.09152407481098289
의창동,50351.0,202211,50306.0,45.0,0.08945255039160338
의창동,50345.0,202212,50351.0,-6.0,-0.011916347242358643
의창동,50357.0,202301,50345.0,12.0,0.023835534809812296
의창동,50257.0,202302,50357.0,-100.0,-0.19858212363723018
의창동,50144.0,202303,50257.0,-113.0,-0.2248443002964761
의창동,50099.0,202304,50144.0,-45.0,-0.08974154435226547
의창동,50037.0,202305,50099.0,-62.0,-0.12375496516896543
의창동,50047.0,202306,50037.0,10.0,0.019985210943901512
의창동,49987.0,202307,50047.0,-60.0,-0.11988730593242353
의창동,49929.0,202308,49987.0,-58.0,-0.11603016784363936
의창동,49860.0,202309,49929.0,-69.0,-0.13819623865889563
의창동,49798.0,202310,49860.0,-62.0,-0.12434817488969113
의창동,49779.0,202311,49798.0,-19.0,-0.03815414273665609
의창동,49785.0,202312,49779.0,6.0,0.01205327547761104
의창동,49713.0,202401,49785.0,-72.0,-0.14462187405845134
의창동,49570.0,202402,49713.0,-143.0,-0.2876511174139561
의창동,49482.0,202403,49570.0,-88.0,-0.1775267298769417
의창동,49427.0,202404,49482.0,-55.0,-0.1111515298492381
의창동,49352.0,202405,49427.0,-75.0,-0.15173892811621179
의창동,49188.0,202406,49352.0,-164.0,-0.3323066947641433
의창동,49147.0,202407,49188.0,-41.0,-0.08335366349516142
의창동,49136.0,202408,49147.0,-11.0,-0.02238183408956803
의창동,49054.0,202409,49136.0,-82.0,-0.1668837512211006
의창동,48965.0,202410,49054.0,-89.0,-0.18143270681290005
의창동,48928.0,202411,48965.0,-37.0,-0.07556417849484326
의창동,48881.0,202412,48928.0,-47.0,-0.0960595160235448
의창동,48855.0,202501,48881.0,-26.0,-0.05319040117837197
의창동,48621.0,202502,48855.0,-234.0,-0.4789683758059564
의창동,48492.0,202503,48621.0,-129.0,-0.2653174554204973
의창동,48336.0,202504,48492.0,-156.0,-0.32170254887404104
의창동,48261.0,202505,48336.0,-75.0,-0.1551638530287984
의창동,48163.0,202506,48261.0,-98.0,-0.20306251424545702
의창동,48103.0,202507,48163.0,-60.0,-0.12457695741544339
의창동,48015.0,202508,48103.0,-88.0,-0.1829407729247656
팔룡동,44759.0,201501,,,
팔룡동,44457.0,201502,44759.0,-302.0,-0.6747246363859782
팔룡동,43976.0,201503,44457.0,-481.0,-1.0819443507209214
팔룡동,42994.0,201504,43976.0,-982.0,-2.23303620156449
팔룡동,42156.0,201505,42994.0,-838.0,-1.9491091780248406
팔룡동,41394.0,201506,42156.0,-762.0,-1.8075718758895531
팔룡동,41057.0,201507,41394.0,-337.0,-0.8141276513504372
팔룡동,40922.0,201508,41057.0,-135.0,-0.3288111649657793
팔룡동,40895.0,201509,40922.0,-27.0,-0.06597917990323053
팔룡동,40837.0,201510,40895.0,-58.0,-0.14182662917227043
팔룡동,40641.0,201511,40837.0,-196.0,-0.4799569018292235
팔룡동,40406.0,201512,40641.0,-235.0,-0.5782338033020841
팔룡동,40188.0,201601,40406.0,-218.0,-0.5395238330940949
팔룡동,40114.0,201602,40188.0,-74.0,-0.1841345675325968
팔룡동,40018.0,201603,40114.0,-96.0,-0.23931794385999902
팔룡동,39941.0,201604,40018.0,-77.0,-0.19241341396371633
팔룡동,39895.0,201605,39941.0,-46.0,-0.11516987556646054
팔룡동,39851.0,201606,39895.0,-44.0,-0.1102895099636546
팔룡동,39689.0,201607,39851.0,-162.0,-0.4065142656395072
팔룡동,39672.0,201608,39689.0,-17.0,-0.042833026783239685
팔룡동,39640.0,201609,39672.0,-32.0,-0.08066142367412785
팔룡동,39554.0,201610,39640.0,-86.0,-0.21695257315842584
팔룡동,39490.0,201611,39554.0,-64.0,-0.161804115892198
팔룡동,39395.0,201612,39490.0,-95.0,-0.24056723221068627
팔룡동,39418.0,201701,39395.0,23.0,0.058383043533443334
팔룡동,39293.0,201702,39418.0,-125.0,-0.31711400882845403
팔룡동,39203.0,201703,39293.0,-90.0,-0.22904843101824754
팔룡동,39071.0,201704,39203.0,-132.0,-0.33670892533734664
팔룡동,38815.0,201705,39071.0,-256.0,-0.6552174246883878
팔룡동,38593.0,201706,38815.0,-222.0,-0.5719438361458199
팔룡동,38473.0,201707,38593.0,-120.0,-0.3109372165936828
팔룡동,38322.0,201708,38473.0,-151.0,-0.39248304005406387
팔룡동,38236.0,201709,38322.0,-86.0,-0.22441417462554145
팔룡동,38219.0,201710,38236.0,-17.0,-0.04446071764828957
팔룡동,38156.0,201711,38219.0,-63.0,-0.16483947774667052
팔룡동,38046.0,201712,38156.0,-110.0,-0.28829017716741795
팔룡동,37946.0,201801,38046.0,-100.0,-0.26283972033853753
팔룡동,37795.0,201802,37946.0,-151.0,-0.39793390607705686
팔룡동,37695.0,201803,37795.0,-100.0,-0.2645852626008731
팔룡동,37550.0,201804,37695.0,-145.0,-0.3846664013794933
팔룡동,37391.0,201805,37550.0,-159.0,-0.42343541944074564
팔룡동,37310.0,201806,37391.0,-81.0,-0.21662967024150195
팔룡동,37235.0,201807,37310.0,-75.0,-0.20101849370142053
팔룡동,37107.0,201808,37235.0,-128.0,-0.34376258896199813
팔룡동,37009.0,201809,37107.0,-98.0,-0.2641011129975476
팔룡동,36900.0,201810,37009.0,-109.0,-0.2945229538760842
팔룡동,36870.0,201811,36900.0,-30.0,-0.08130081300813008
팔룡동,36981.0,201812,36870.0,111.0,0.3010577705451587
팔룡동,38265.0,201901,36981.0,1284.0,3.4720532165165894
팔룡동,38815.0,201902,38265.0,550.0,1.4373448320919902
팔룡동,39095.0,201903,38815.0,280.0,0.7213706041478809
팔룡동,39256.0,201904,39095.0,161.0,0.41181736794986573
팔룡동,39407.0,201905,39256.0,151.0,0.3846545750968005
팔룡동,39399.0,201906,39407.0,-8.0,-0.02030096175806329
팔룡동,39185.0,201907,39399.0,-214.0,-0.5431609939338562
팔룡동,37937.0,201908,39185.0,-1248.0,-3.1848921781293864
팔룡동,38871.0,201909,37937.0,934.0,2.4619764346152833
팔룡동,38819.0,201910,38871.0,-52.0,-0.13377582259267834
팔룡동,38841.0,201911,38819.0,22.0,0.05667327854916407
팔룡동,38647.0,201912,38841.0,-194.0,-0.499472207203728
팔룡동,38192.0,202001,38647.0,-455.0,-1.17732294874117
팔룡동,37845.0,202002,38192.0,-347.0,-0.9085672392124005
팔룡동,37529.0,202003,37845.0,-316.0,-0.834984806447351
팔룡동,37326.0,202004,37529.0,-203.0,-0.5409150257134483
팔룡동,37859.0,202005,37326.0,533.0,1.4279590633874513
팔룡동,38443.0,202006,37859.0,584.0,1.5425658363929318
팔룡동,38685.0,202007,38443.0,242.0,0.6295034206487528
팔룡동,38926.0,202008,38685.0,241.0,0.6229804833914954
팔룡동,39040.0,202009,38926.0,114.0,0.29286338180136673
팔룡동,39100.0,202010,39040.0,60.0,0.15368852459016394
팔룡동,39011.0,202011,39100.0,-89.0,-0.22762148337595908
팔룡동,38895.0,202012,39011.0,-116.0,-0.29735202891492146
팔룡동,38733.0,202101,38895.0,-162.0,-0.4165059776320864
팔룡동,38655.0,202102,38733.0,-78.0,-0.2013786693517156
팔룡동,38591.0,202103,38655.0,-64.0,-0.16556719699909456
팔룡동,38484.0,202104,38591.0,-107.0,-0.27726672021974036
팔룡동,38353.0,202105,38484.0,-131.0,-0.3404012056958736
팔룡동,38226.0,202106,38353.0,-127.0,-0.33113446145021247
팔룡동,26521.0,202107,38226.0,-11705.0,-30.62052006487731
팔룡동,26604.0,202108,26521.0,83.0,0.3129595414954187
팔룡동,26639.0,202109,26604.0,35.0,0.1315591640354834
팔룡동,26639.0,202110,26639.0,0.0,0.0
팔룡동,26633.0,202111,26639.0,-6.0,-0.02252336799429408
팔룡동,26648.0,202112,26633.0,15.0,0.05632110539556189
팔룡동,26622.0,202201,26648.0,-26.0,-0.09756829780846592
팔룡동,26633.0,202202,26622.0,11.0,0.04131920967620765
팔룡동,26590.0,202203,26633.0,-43.0,-0.16145383546727746
팔룡동,26547.0,202204,26590.0,-43.0,-0.1617149304249718
팔룡동,26539.0,202205,26547.0,-8.0,-0.030135231852940068
팔룡동,26422.0,202206,26539.0,-117.0,-0.4408606202192999
팔룡동,26422.0,202207,26422.0,0.0,0.0
팔룡동,26446.0,202208,26422.0,24.0,0.09083339641208085
팔룡동,26468.0,202209,26446.0,22.0,0.08318838387657869
팔룡동,26510.0,202210,26468.0,42.0,0.15868218225782077
팔룡동,26523.0,202211,26510.0,13.0,0.049038098830629956
팔룡동,26509.0,202212,26523.0,-14.0,-0.052784375824755876
팔룡동,26554.0,202301,26509.0,45.0,0.1697536685653929
팔룡동,26538.0,202302,26554.0,-16.0,-0.06025457558183324
팔룡동,26500.0,202303,26538.0,-38.0,-0.1431908960735549
팔룡동,26532.0,202304,26500.0,32.0,0.12075471698113208
팔룡동,26545.0,202305,26532.0,13.0,0.048997437057138556
팔룡동,26541.0,202306,26545.0,-4.0,-0.015068751177246185
팔룡동,26521.0,202307,26541.0,-20.0,-0.07535511096040089
팔룡동,26488.0,202308,26521.0,-33.0,-0.1244296972210701
팔룡동,26452.0,202309,26488.0,-36.0,-0.1359106010268801
팔룡동,26407.0,202310,26452.0,-45.0,-0.17011946166641465
팔룡동,26402.0,202311,26407.0,-5.0,-0.018934373461582155
팔룡동,26434.0,202312,26402.0,32.0,0.12120293917127489
팔룡동,26405.0,202401,26434.0,-29.0,-0.1097071952788076
팔룡동,26349.0,202402,26405.0,-56.0,-0.2120810452565802
팔룡동,26264.0,202403,26349.0,-85.0,-0.32259288777562717
팔룡동,26288.0,202404,26264.0,24.0,0.09137983551629607
팔룡동,26222.0,202405,26288.0,-66.0,-0.251065124771759
팔룡동,26133.0,202406,26222.0,-89.0,-0.339409656014034
팔룡동,26061.0,202407,26133.0,-72.0,-0.27551371828722304
팔룡동,25997.0,202408,26061.0,-64.0,-0.24557768312804573
팔룡동,25933.0,202409,25997.0,-64.0,-0.24618225179828443
팔룡동,25867.0,202410,25933.0,-66.0,-0.2545019858867081
팔룡동,25829.0,202411,25867.0,-38.0,-0.14690532338500792
팔룡동,25785.0,202412,25829.0,-44.0,-0.17035115567772657
팔룡동,25779.0,202501,25785.0,-6.0,-0.02326934264107039
팔룡동,25618.0,202502,25779.0,-161.0,-0.6245393537375383
팔룡동,25559.0,202503,25618.0,-59.0,-0.23030681552033724
팔룡동,25580.0,202504,25559.0,21.0,0.08216283892171056
팔룡동,25445.0,202505,25580.0,-135.0,-0.527756059421423
팔룡동,25442.0,202506,25445.0,-3.0,-0.011790135586559246
팔룡동,25445.0,202507,25442.0,3.0,0.011791525823441553
팔룡동,25373.0,202508,25445.0,-72.0,-0.28296325407742184
